sku_norm,sku_raw,record_type,product_id,parent_product_id,parent_title,variant_sku,sku_cost,sku_case_pack,sku_case_cost,ahscompany_price,ahscompany_case_price,stock_status,url
BM-FROSTY,BM-Frosty,variant,19930,19930,Kartri 5 Gauge Vinsoft Vinyl Shower Curtain With Metal Grommets 72x72 White or Frosty 12 Per Case Price Per Each,BM-Frosty,,,,8.12,,In Stock,https://www.ahscompany.com/Kartri-5-Gauge-Vinsoft-Vinyl-Shower-Curtain-With-Metal-Grommets-72x72-White-or-Frosty-12-Per-Case-Price-Per-Each_p_19930.html
BM-WHITE,BM-White,variant,19930,19930,Kartri 5 Gauge Vinsoft Vinyl Shower Curtain With Metal Grommets 72x72 White or Frosty 12 Per Case Price Per Each,BM-White,,,,8.12,,In Stock,https://www.ahscompany.com/Kartri-5-Gauge-Vinsoft-Vinyl-Shower-Curtain-With-Metal-Grommets-72x72-White-or-Frosty-12-Per-Case-Price-Per-Each_p_19930.html
BMT06-1WHITE,BMT06-1 White,variant,19953,19953,Kartri Rubber Bath Mats 13.5x30 White or Beige 12 Per Case Price Per Each,BMT06-1 White,$7.75 EA / $93.00 CS,,,11.24,,In Stock,https://www.ahscompany.com/Kartri-Rubber-Bath-Mats-135x30-White-or-Beige-12-Per-Case-Price-Per-Each_p_19953.html
BMT06-2BEIGE,BMT06-2 Beige,variant,19953,19953,Kartri Rubber Bath Mats 13.5x30 White or Beige 12 Per Case Price Per Each,BMT06-2 Beige,$7.75 EA / $93.00 CS,,,11.24,,In Stock,https://www.ahscompany.com/Kartri-Rubber-Bath-Mats-135x30-White-or-Beige-12-Per-Case-Price-Per-Each_p_19953.html
DK,DK,product,19879,19879,Kartri Duck Twill Shower Curtain With Metal Grommets 72x72 White or Beige 12 Per Case Price Per Each,DK,,,,36.61,,In Stock,https://www.ahscompany.com/Kartri-Duck-Twill-Shower-Curtain-With-Metal-Grommets-72x72-White-or-Beige-12-Per-Case-Price-Per-Each_p_19879.html
DK-2,DK-2,product,30236,30236,Kartri Duck Twill Shower Curtain With Metal Grommets 36x72 White or Beige 24 Per Case Price Per Each,DK-2,,,,21.97,,In Stock,https://www.ahscompany.com/Kartri-Duck-Twill-Shower-Curtain-With-Metal-Grommets-36x72-White-or-Beige-24-Per-Case-Price-Per-Each_p_30236.html
DK-2-BEIGE,DK-2 -Beige,variant,30236,30236,Kartri Duck Twill Shower Curtain With Metal Grommets 36x72 White or Beige 24 Per Case Price Per Each,DK-2 -Beige,,,,21.97,,In Stock,https://www.ahscompany.com/Kartri-Duck-Twill-Shower-Curtain-With-Metal-Grommets-36x72-White-or-Beige-24-Per-Case-Price-Per-Each_p_30236.html
DK-2-WHITE,DK-2 -White,variant,30236,30236,Kartri Duck Twill Shower Curtain With Metal Grommets 36x72 White or Beige 24 Per Case Price Per Each,DK-2 -White,,,,21.97,,In Stock,https://www.ahscompany.com/Kartri-Duck-Twill-Shower-Curtain-With-Metal-Grommets-36x72-White-or-Beige-24-Per-Case-Price-Per-Each_p_30236.html
DK-BEIGE,DK -Beige,variant,19879,19879,Kartri Duck Twill Shower Curtain With Metal Grommets 72x72 White or Beige 12 Per Case Price Per Each,DK -Beige,,,,36.61,,In Stock,https://www.ahscompany.com/Kartri-Duck-Twill-Shower-Curtain-With-Metal-Grommets-72x72-White-or-Beige-12-Per-Case-Price-Per-Each_p_19879.html
DK-WHITE,DK -White,variant,19879,19879,Kartri Duck Twill Shower Curtain With Metal Grommets 72x72 White or Beige 12 Per Case Price Per Each,DK -White,,,,36.61,,In Stock,https://www.ahscompany.com/Kartri-Duck-Twill-Shower-Curtain-With-Metal-Grommets-72x72-White-or-Beige-12-Per-Case-Price-Per-Each_p_19879.html
DY-1WHITE,DY-1 White,variant,19860,19860,Kartri Dynasty Polyester Shower Curtain With Sewn Eyelets 72x72 White or Beige 12 Per Case Price Per Each,DY-1 White,,,,21.61,,In Stock,https://www.ahscompany.com/Kartri-Dynasty-Polyester-Shower-Curtain-With-Sewn-Eyelets-72x72-White-or-Beige-12-Per-Case-Price-Per-Each_p_19860.html
DY-2,DY-2,product,30237,30237,Kartri Dynasty Polyester Shower Curtain With Sewn Eyelets 36x72 White or Beige 24 Per Case Price Per Each,DY-2,,,,12.98,,In Stock,https://www.ahscompany.com/Kartri-Dynasty-Polyester-Shower-Curtain-With-Sewn-Eyelets-36x72-White-or-Beige-24-Per-Case-Price-Per-Each_p_30237.html
DY-2-1WHITE,DY-2-1 White,variant,30237,30237,Kartri Dynasty Polyester Shower Curtain With Sewn Eyelets 36x72 White or Beige 24 Per Case Price Per Each,DY-2-1 White,,,,12.98,,In Stock,https://www.ahscompany.com/Kartri-Dynasty-Polyester-Shower-Curtain-With-Sewn-Eyelets-36x72-White-or-Beige-24-Per-Case-Price-Per-Each_p_30237.html
DY-2-2BEIGE,DY-2-2 Beige,variant,30237,30237,Kartri Dynasty Polyester Shower Curtain With Sewn Eyelets 36x72 White or Beige 24 Per Case Price Per Each,DY-2-2 Beige,,,,12.98,,In Stock,https://www.ahscompany.com/Kartri-Dynasty-Polyester-Shower-Curtain-With-Sewn-Eyelets-36x72-White-or-Beige-24-Per-Case-Price-Per-Each_p_30237.html
DY-2BEIGE,DY-2 Beige,variant,19860,19860,Kartri Dynasty Polyester Shower Curtain With Sewn Eyelets 72x72 White or Beige 12 Per Case Price Per Each,DY-2 Beige,,,,21.61,,In Stock,https://www.ahscompany.com/Kartri-Dynasty-Polyester-Shower-Curtain-With-Sewn-Eyelets-72x72-White-or-Beige-12-Per-Case-Price-Per-Each_p_19860.html
E2Z-HB1-74-WSL,E2Z-HB1-74-WSL,product,27201,27201,Kartri Hang2It Herringbone Polyester Shower Curtain With Window & Snap Away Liner 72x74 White With Chrome Buckles 12 Per Case Price Per Each,E2Z-HB1-74-WSL,27.65,12,331.79999999999995,40.09,481.08000000000004,In Stock,https://www.ahscompany.com/Kartri-Hang2It-Herringbone-Polyester-Shower-Curtain-With-Window-Snap-Away-Liner-72x74-White-With-Chrome-Buckles-12-Per-Case-Price-Per-Each_p_27201.html
E2Z-HB1-77-WSL,E2Z-HB1-77-WSL,product,27202,27202,Kartri Hang2It Herringbone Polyester Shower Curtain With Window & Snap Away Liner 72x77 White With Chrome Buckles 12 Per Case Price Per Each,E2Z-HB1-77-WSL,28.85,12,346.20000000000005,41.83,501.96,In Stock,https://www.ahscompany.com/Kartri-Hang2It-Herringbone-Polyester-Shower-Curtain-With-Window-Snap-Away-Liner-72x77-White-With-Chrome-Buckles-12-Per-Case-Price-Per-Each_p_27202.html
E2Z-ML74-1WSLN,E2Z-ML74-1WSLN,product,27702,27702,Kartri Hang2It Millennium Polyester Shower Curtain With Window & Snap Away Liner 72x74 White With White Buckles 12 Per Case Price Per Each,E2Z-ML74-1WSLN,24.8,12,297.6,35.96,431.52,In Stock,https://www.ahscompany.com/Kartri-Hang2It-Millennium-Polyester-Shower-Curtain-With-Window-Snap-Away-Liner-72x74-White-With-White-Buckles-12-Per-Case-Price-Per-Each_p_27702.html
E2Z-ML77-1WSLN,E2Z-ML77-1WSLN,product,27207,27207,Kartri Hang2It Millennium Polyester Shower Curtain With Window & Snap Away Liner 72x77 White With White Buckles 12 Per Case Price Per Each,E2Z-ML77-1WSLN,26,12,312,37.7,452.40000000000003,In Stock,https://www.ahscompany.com/Kartri-Hang2It-Millennium-Polyester-Shower-Curtain-With-Window-Snap-Away-Liner-72x77-White-With-White-Buckles-12-Per-Case-Price-Per-Each_p_27207.html
EZ-150PA-1,EZ-150PA-1,product,23100,23100,Kartri Hang2It 150 Denier Polyester Liner 72x74 White 12 Per Case Price Per Each,EZ-150PA-1,13.2,12,158.39999999999998,19.14,229.68,In Stock,https://www.ahscompany.com/Kartri-Hang2It-150-Denier-Polyester-Liner-72x74-White-12-Per-Case-Price-Per-Each_p_23100.html
EZ-300P77-1W,EZ-300P77-1W,product,27189,27189,Kartri Hang2It 300 Denier Polyester Liner With Window 72x77 White 12 Per Case Price Per Each,EZ-300P77-1W,16.2,12,194.39999999999998,23.49,281.88,In Stock,https://www.ahscompany.com/Kartri-Hang2It-300-Denier-Polyester-Liner-With-Window-72x77-White-12-Per-Case-Price-Per-Each_p_27189.html
EZ-300PA-1,EZ-300PA-1,product,23102,23102,Kartri Hang2It 300 Denier Polyester Liner 72x74 White 12 Per Case Price Per Each,EZ-300PA-1,13.5,12,162,19.58,234.95999999999998,In Stock,https://www.ahscompany.com/Kartri-Hang2It-300-Denier-Polyester-Liner-72x74-White-12-Per-Case-Price-Per-Each_p_23102.html
EZ-DUO74-1-WSL,EZ-DUO74-1-WSL,product,27699,27699,Kartri Hang2It Duo-Poly Shower Curtain With Window & Snap Away Liner 72x74 White 12 Per Case Price Per Each,EZ-DUO74-1-WSL,21.15,12,253.79999999999998,30.67,368.04,In Stock,https://www.ahscompany.com/Kartri-Hang2It-Duo-Poly-Shower-Curtain-With-Window-Snap-Away-Liner-72x74-White-12-Per-Case-Price-Per-Each_p_27699.html
EZ-DUO74-1-WSL-WHITE/WHITE,EZ-DUO74-1-WSL-White/White,variant,27699,27699,Kartri Hang2It Duo-Poly Shower Curtain With Window & Snap Away Liner 72x74 White 12 Per Case Price Per Each,EZ-DUO74-1-WSL-White/White,21.15,12,253.79999999999998,30.67,368.04,In Stock,https://www.ahscompany.com/Kartri-Hang2It-Duo-Poly-Shower-Curtain-With-Window-Snap-Away-Liner-72x74-White-12-Per-Case-Price-Per-Each_p_27699.html
EZ-DUO74-1C-WSLN-WHITE/CHROME,EZ-DUO74-1C-WSLN-White/Chrome,variant,27699,27699,Kartri Hang2It Duo-Poly Shower Curtain With Window & Snap Away Liner 72x74 White 12 Per Case Price Per Each,EZ-DUO74-1C-WSLN-White/Chrome,21.15,12,253.79999999999998,37.78,453.36,In Stock,https://www.ahscompany.com/Kartri-Hang2It-Duo-Poly-Shower-Curtain-With-Window-Snap-Away-Liner-72x74-White-12-Per-Case-Price-Per-Each_p_27699.html
EZ-DUO77-1-WSL,EZ-DUO77-1-WSL,variant,29870,29870,Kartri Hang2It Duo-Poly Shower Curtain With Window & Snap Away Liner 72x77 White 12 Per Case Price Per Each,EZ-DUO77-1-WSL,21.8,12,261.6,31.61,379.32,In Stock,https://www.ahscompany.com/Kartri-Hang2It-Duo-Poly-Shower-Curtain-With-Window-Snap-Away-Liner-72x77-White-12-Per-Case-Price-Per-Each_p_29870.html
EZ-DUO77-1C-WSL,EZ-DUO77-1C-WSL,variant,29870,29870,Kartri Hang2It Duo-Poly Shower Curtain With Window & Snap Away Liner 72x77 White 12 Per Case Price Per Each,EZ-DUO77-1C-WSL,27.7,12,332.4,40.16,481.91999999999996,In Stock,https://www.ahscompany.com/Kartri-Hang2It-Duo-Poly-Shower-Curtain-With-Window-Snap-Away-Liner-72x77-White-12-Per-Case-Price-Per-Each_p_29870.html
EZ-EP74-1-SLN-WHITE,EZ-EP74-1-SLN-White,variant,27197,27197,Kartri Hang2It Empire Waffle Polyester Shower Curtain With Snap Away Liner 72x74 White or Beige 12 Per Case Price Per Each,EZ-EP74-1-SLN-White,29.9,12,358.79999999999995,43.36,520.3199999999999,In Stock,https://www.ahscompany.com/Kartri-Hang2It-Empire-Waffle-Polyester-Shower-Curtain-With-Snap-Away-Liner-72x74-White-or-Beige-12-Per-Case-Price-Per-Each_p_27197.html
EZ-EP74-2-SLN-BEIGE,EZ-EP74-2-SLN-Beige,variant,27197,27197,Kartri Hang2It Empire Waffle Polyester Shower Curtain With Snap Away Liner 72x74 White or Beige 12 Per Case Price Per Each,EZ-EP74-2-SLN-Beige,29.9,12,358.79999999999995,43.36,520.3199999999999,In Stock,https://www.ahscompany.com/Kartri-Hang2It-Empire-Waffle-Polyester-Shower-Curtain-With-Snap-Away-Liner-72x74-White-or-Beige-12-Per-Case-Price-Per-Each_p_27197.html
EZ-MORE77-1-W,EZ-MORE77-1-W,product,27705,27705,Kartri Hang2It Moire Polyester Shower Curtain With Window 72x77 White 12 Per Case Price Per Each,EZ-MORE77-1-W,15.65,12,187.8,22.69,272.28000000000003,In Stock,https://www.ahscompany.com/Kartri-Hang2It-Moire-Polyester-Shower-Curtain-With-Window-72x77-White-12-Per-Case-Price-Per-Each_p_27705.html
EZ-MOREA-1,EZ-MOREA-1,product,23098,23098,Kartri Hang2It Moire Polyester Shower Curtain 72x74 White 12 Per Case Price Per Each,EZ-MOREA-1,15,12,180,21.75,261,In Stock,https://www.ahscompany.com/Kartri-Hang2It-Moire-Polyester-Shower-Curtain-72x74-White-12-Per-Case-Price-Per-Each_p_23098.html
EZ-MOREA-1-WSLN,EZ-MOREA-1-WSLN,product,30232,30232,Kartri Hang2It Moire Polyester Shower Curtain With Window & Snap Away Liner 72x74 White 12 Per Case Price Per Each,EZ-MOREA-1-WSLN,21.4,12,256.79999999999995,31.03,372.36,In Stock,https://www.ahscompany.com/Kartri-Hang2It-Moire-Polyester-Shower-Curtain-With-Window-Snap-Away-Liner-72x74-White-12-Per-Case-Price-Per-Each_p_30232.html
EZ-MS74-WB-WSLN-WHITE/BROWNTRIM,EZ-MS74-WB-WSLN-White/Brown Trim,variant,27205,27205,Kartri Hang2It Matt-Satin Polyester Shower Curtain With Window & Snap Away Liner 72x74 Chrome Buckles 12 Per Case Price Per Each,EZ-MS74-WB-WSLN-White/Brown Trim,29,12,348,42.05,504.59999999999997,In Stock,https://www.ahscompany.com/Kartri-Hang2It-Matt-Satin-Polyester-Shower-Curtain-With-Window-Snap-Away-Liner-72x74-Chrome-Buckles-12-Per-Case-Price-Per-Each_p_27205.html
EZ-MS74-WW-1WSLN,EZ-MS74-WW-1WSLN,product,27205,27205,Kartri Hang2It Matt-Satin Polyester Shower Curtain With Window & Snap Away Liner 72x74 Chrome Buckles 12 Per Case Price Per Each,EZ-MS74-WW-1WSLN,29,12,348,42.05,504.59999999999997,In Stock,https://www.ahscompany.com/Kartri-Hang2It-Matt-Satin-Polyester-Shower-Curtain-With-Window-Snap-Away-Liner-72x74-Chrome-Buckles-12-Per-Case-Price-Per-Each_p_27205.html
EZ-MS74-WW-1WSLN-WHITE/WHITETRIM,EZ-MS74-WW-1WSLN-White/White Trim,variant,27205,27205,Kartri Hang2It Matt-Satin Polyester Shower Curtain With Window & Snap Away Liner 72x74 Chrome Buckles 12 Per Case Price Per Each,EZ-MS74-WW-1WSLN-White/White Trim,29,12,348,42.05,504.59999999999997,In Stock,https://www.ahscompany.com/Kartri-Hang2It-Matt-Satin-Polyester-Shower-Curtain-With-Window-Snap-Away-Liner-72x74-Chrome-Buckles-12-Per-Case-Price-Per-Each_p_27205.html
EZ-MS77-WW-1WSLN,EZ-MS77-WW-1WSLN,product,27206,27206,Kartri Hang2It Matt-Satin Polyester Shower Curtain With Window & Snap Away Liner 72x77 White With Chrome Buckles 12 Per Case Price Per Each,EZ-MS77-WW-1WSLN,29.6,12,355.20000000000005,42.92,515.04,In Stock,https://www.ahscompany.com/Kartri-Hang2It-Matt-Satin-Polyester-Shower-Curtain-With-Window-Snap-Away-Liner-72x77-White-With-Chrome-Buckles-12-Per-Case-Price-Per-Each_p_27206.html
EZ-NYA-1,EZ-NYA-1,product,27706,27706,Kartri Hang2It Nylon Shower Curtain 72x74 White 12 Per Case Price Per Each,EZ-NYA-1,19.3,12,231.60000000000002,27.99,335.88,In Stock,https://www.ahscompany.com/Kartri-Hang2It-Nylon-Shower-Curtain-72x74-White-12-Per-Case-Price-Per-Each_p_27706.html
EZ-RL1-74-WHITE,EZ-RL1-74-White,variant,27226,27226,Kartri Hang2It Replacement Liners With Window 70x54 White or Beige 12 Per Case Price Per Each,EZ-RL1-74-White,7.4,12,88.80000000000001,10.73,128.76,In Stock,https://www.ahscompany.com/Kartri-Hang2It-Replacement-Liners-With-Window-70x54-White-or-Beige-12-Per-Case-Price-Per-Each_p_27226.html
EZ-RL1-77-WHITE,EZ-RL1-77-White,variant,27227,27227,Kartri Hang2It Replacement Liners With Window 70x57 White or Beige 12 Per Case Price Per Each,EZ-RL1-77-White,7.65,12,91.80000000000001,11.09,133.07999999999998,In Stock,https://www.ahscompany.com/Kartri-Hang2It-Replacement-Liners-With-Window-70x57-White-or-Beige-12-Per-Case-Price-Per-Each_p_27227.html
EZ-RL1-H74-WHITE,EZ-RL1-H74-White,variant,27229,27229,Kartri Hang2It Replacement Liners 70x69 White or Beige 12 Per Case Price Per Each,EZ-RL1-H74-White,8.65,12,103.80000000000001,12.54,150.48,In Stock,https://www.ahscompany.com/Kartri-Hang2It-Replacement-Liners-70x69-White-or-Beige-12-Per-Case-Price-Per-Each_p_27229.html
EZ-RL2-74-BEIGE,EZ-RL2-74-Beige,variant,27226,27226,Kartri Hang2It Replacement Liners With Window 70x54 White or Beige 12 Per Case Price Per Each,EZ-RL2-74-Beige,7.4,12,88.80000000000001,10.73,128.76,In Stock,https://www.ahscompany.com/Kartri-Hang2It-Replacement-Liners-With-Window-70x54-White-or-Beige-12-Per-Case-Price-Per-Each_p_27226.html
EZ-RL2-77-BEIGE,EZ-RL2-77-Beige,variant,27227,27227,Kartri Hang2It Replacement Liners With Window 70x57 White or Beige 12 Per Case Price Per Each,EZ-RL2-77-Beige,7.65,12,91.80000000000001,11.09,133.07999999999998,In Stock,https://www.ahscompany.com/Kartri-Hang2It-Replacement-Liners-With-Window-70x57-White-or-Beige-12-Per-Case-Price-Per-Each_p_27227.html
EZ-RL2-H74-BEIGE,EZ-RL2-H74-Beige,variant,27229,27229,Kartri Hang2It Replacement Liners 70x69 White or Beige 12 Per Case Price Per Each,EZ-RL2-H74-Beige,8.65,12,103.80000000000001,12.54,150.48,In Stock,https://www.ahscompany.com/Kartri-Hang2It-Replacement-Liners-70x69-White-or-Beige-12-Per-Case-Price-Per-Each_p_27229.html
EZ-STDUA,EZ-STDUA,product,23091,23091,Kartri Hang2It Stardust Polyester Shower Curtain 72x74 White or Beige 12 Per Case Price Per Each,EZ-STDUA,,,,21.9,,In Stock,https://www.ahscompany.com/Kartri-Hang2It-Stardust-Polyester-Shower-Curtain-72x74-White-or-Beige-12-Per-Case-Price-Per-Each_p_23091.html
EZ-STDUA-1WHITE,EZ-STDUA-1 White,variant,23091,23091,Kartri Hang2It Stardust Polyester Shower Curtain 72x74 White or Beige 12 Per Case Price Per Each,EZ-STDUA-1 White,,,,21.9,,In Stock,https://www.ahscompany.com/Kartri-Hang2It-Stardust-Polyester-Shower-Curtain-72x74-White-or-Beige-12-Per-Case-Price-Per-Each_p_23091.html
EZ-STDUA-2BEIGE,EZ-STDUA-2 Beige,variant,23091,23091,Kartri Hang2It Stardust Polyester Shower Curtain 72x74 White or Beige 12 Per Case Price Per Each,EZ-STDUA-2 Beige,,,,21.9,,In Stock,https://www.ahscompany.com/Kartri-Hang2It-Stardust-Polyester-Shower-Curtain-72x74-White-or-Beige-12-Per-Case-Price-Per-Each_p_23091.html
EZ-V8-1,EZ-V8-1,variant,27217,27217,Kartri Hang2It 8 Gauge Vinyl Shower Curtain 72x74 White Or Beige 12 Per Case Price Per Each,EZ-V8-1,11.75,12,141,17.04,204.48,In Stock,https://www.ahscompany.com/Kartri-Hang2It-8-Gauge-Vinyl-Shower-Curtain-72x74-White-Or-Beige-12-Per-Case-Price-Per-Each_p_27217.html
EZ-V8-2,EZ-V8-2,variant,27217,27217,Kartri Hang2It 8 Gauge Vinyl Shower Curtain 72x74 White Or Beige 12 Per Case Price Per Each,EZ-V8-2,11.75,12,141,17.04,204.48,In Stock,https://www.ahscompany.com/Kartri-Hang2It-8-Gauge-Vinyl-Shower-Curtain-72x74-White-Or-Beige-12-Per-Case-Price-Per-Each_p_27217.html
EZ-V87177-1,EZ-V87177-1,product,27717,27717,Kartri Hang2It 8 Gauge Vinyl Shower Curtain 72x77 White 12 Per Case Price Per Each,EZ-V87177-1,12.5,12,150,18.13,217.56,In Stock,https://www.ahscompany.com/Kartri-Hang2It-8-Gauge-Vinyl-Shower-Curtain-72x77-White-12-Per-Case-Price-Per-Each_p_27717.html
EZ-VC77-1-WSLN,EZ-VC77-1-WSLN,product,27219,27219,Kartri Hang2It Vision Check Polyester Shower Curtain With Window & Snap Away Liner 72x77 White With Chrome Buckles 12 Per Case Price Per Each,EZ-VC77-1-WSLN,36.9,12,442.79999999999995,53.51,642.12,In Stock,https://www.ahscompany.com/Kartri-Hang2It-Vision-Check-Polyester-Shower-Curtain-With-Window-Snap-Away-Liner-72x77-White-With-Chrome-Buckles-12-Per-Case-Price-Per-Each_p_27219.html
EZ-W-PD77-1,EZ-W-PD77-1,product,29871,29871,Kartri Hang2It Poly Dot Polyester Shower Curtain With Window & Snap Away Liner 72x77 White 12 Per Case Price Per Each,EZ-W-PD77-1,25.6,12,307.20000000000005,37.12,445.43999999999994,In Stock,https://www.ahscompany.com/Kartri-Hang2It-Poly-Dot-Polyester-Shower-Curtain-With-Window-Snap-Away-Liner-72x77-White-12-Per-Case-Price-Per-Each_p_29871.html
FFI-WAF1178,FFI-WAF1178,product,30234,30234,Kartri Luxor Diamond Waffle Polyester Shower Curtain With Metal Grommets & Window 72x78 White 12 Per Case Price Per Each,FFI-WAF1178,,,,33.35,,In Stock,https://www.ahscompany.com/Kartri-Luxor-Diamond-Waffle-Polyester-Shower-Curtain-With-Metal-Grommets-Window-72x78-White-12-Per-Case-Price-Per-Each_p_30234.html
FFI-WAF11A,FFI-WAF11A,product,27688,27688,Kartri Luxor Diamond Waffle Polyester Shower Curtain With Metal Grommets & Window 72x72 White 12 Per Case Price Per Each,FFI-WAF11A,,,,31.9,,In Stock,https://www.ahscompany.com/Kartri-Luxor-Diamond-Waffle-Polyester-Shower-Curtain-With-Metal-Grommets-Window-72x72-White-12-Per-Case-Price-Per-Each_p_27688.html
FT,FT,product,19915,19915,Kartri 8 Gauge Forester Vinyl Shower Curtain With Metal Grommets 72x72 White or Green 12 Per Case Price Per Each,FT,,,,10.95,,In Stock,https://www.ahscompany.com/Kartri-8-Gauge-Forester-Vinyl-Shower-Curtain-With-Metal-Grommets-72x72-White-or-Green-12-Per-Case-Price-Per-Each_p_19915.html
FT-1WHITE,FT-1 White,variant,19915,19915,Kartri 8 Gauge Forester Vinyl Shower Curtain With Metal Grommets 72x72 White or Green 12 Per Case Price Per Each,FT-1 White,,,,10.95,,In Stock,https://www.ahscompany.com/Kartri-8-Gauge-Forester-Vinyl-Shower-Curtain-With-Metal-Grommets-72x72-White-or-Green-12-Per-Case-Price-Per-Each_p_19915.html
FT-2,FT-2,product,29879,29879,Kartri 8 Gauge Forester Vinyl Shower Curtain With Metal Grommets 36x72 White or Green 24 Per Case Price Per Each,FT-2,,,,6.6,,In Stock,https://www.ahscompany.com/Kartri-8-Gauge-Forester-Vinyl-Shower-Curtain-With-Metal-Grommets-36x72-White-or-Green-24-Per-Case-Price-Per-Each_p_29879.html
FT-2-1WHITE,FT-2-1 White,variant,29879,29879,Kartri 8 Gauge Forester Vinyl Shower Curtain With Metal Grommets 36x72 White or Green 24 Per Case Price Per Each,FT-2-1 White,,,,6.6,,In Stock,https://www.ahscompany.com/Kartri-8-Gauge-Forester-Vinyl-Shower-Curtain-With-Metal-Grommets-36x72-White-or-Green-24-Per-Case-Price-Per-Each_p_29879.html
FT-2-8GREEN,FT-2-8 Green,variant,29879,29879,Kartri 8 Gauge Forester Vinyl Shower Curtain With Metal Grommets 36x72 White or Green 24 Per Case Price Per Each,FT-2-8 Green,,,,6.6,,In Stock,https://www.ahscompany.com/Kartri-8-Gauge-Forester-Vinyl-Shower-Curtain-With-Metal-Grommets-36x72-White-or-Green-24-Per-Case-Price-Per-Each_p_29879.html
FT-8GREEN,FT-8 Green,variant,19915,19915,Kartri 8 Gauge Forester Vinyl Shower Curtain With Metal Grommets 72x72 White or Green 12 Per Case Price Per Each,FT-8 Green,,,,10.95,,In Stock,https://www.ahscompany.com/Kartri-8-Gauge-Forester-Vinyl-Shower-Curtain-With-Metal-Grommets-72x72-White-or-Green-12-Per-Case-Price-Per-Each_p_19915.html
G-KNA,G-KNA,product,19842,19842,Kartri Eco-Friendly Karlon Polyester Shower Curtain With Sewn Eyelets 72x72 White 6 Per Case Price Per Each,G-KNA,,,,17.69,,In Stock,https://www.ahscompany.com/Kartri-Eco-Friendly-Karlon-Polyester-Shower-Curtain-With-Sewn-Eyelets-72x72-White-6-Per-Case-Price-Per-Each_p_19842.html
G-URA,G-URA,product,27183,27183,Kartri Urban Waffle Polyester Shower Curtain With Metal Grommets 72x72 White 6 Per Case Price Per Each,G-URA,,,,40.31,,In Stock,https://www.ahscompany.com/Kartri-Urban-Waffle-Polyester-Shower-Curtain-With-Metal-Grommets-72x72-White-6-Per-Case-Price-Per-Each_p_27183.html
G-WSA-1,G-WSA-1,product,19872,19872,Kartri Eco-Friendly Waffle Supreme Polyester Shower Curtain With Metal Grommets 72x72 White 12 Per Case Price Per Each,G-WSA-1,,,,29,,In Stock,https://www.ahscompany.com/Kartri-Eco-Friendly-Waffle-Supreme-Polyester-Shower-Curtain-With-Metal-Grommets-72x72-White-12-Per-Case-Price-Per-Each_p_19872.html
IMPNK,IMPNK,product,27692,27692,Kartri Impressions Nuage Decorative Top Sheet King 112x98 100% Polyester White 10 Per Case Price Per Each,IMPNK,36,10,360,52.2,522,In Stock,https://www.ahscompany.com/Kartri-Impressions-Nuage-Decorative-Top-Sheet-King-112x98-100-Polyester-White-10-Per-Case-Price-Per-Each_p_27692.html
IMPNQ,IMPNQ,product,27693,27693,Kartri Impressions Nuage Decorative Top Sheet Queen 96x98 100% Polyester White 10 Per Case Price Per Each,IMPNQ,32.05,10,320.5,46.47,464.7,In Stock,https://www.ahscompany.com/Kartri-Impressions-Nuage-Decorative-Top-Sheet-Queen-96x98-100-Polyester-White-10-Per-Case-Price-Per-Each_p_27693.html
IMPNT,IMPNT,product,28101,28101,Kartri Impressions Nuage Decorative Top Sheet Twin 74x98 100% Polyester White 10 Per Case Price Per Each,IMPNT,25.85,10,258.5,37.48,374.79999999999995,In Stock,https://www.ahscompany.com/Kartri-Impressions-Nuage-Decorative-Top-Sheet-Twin-74x98-100-Polyester-White-10-Per-Case-Price-Per-Each_p_28101.html
IMPSK,IMPSK,product,27166,27166,Kartri Impressions Santorini Decorative Top Sheet King 112x98 100% Polyester White 10 Per Case Price Per Each,IMPSK,36,10,360,52.2,522,In Stock,https://www.ahscompany.com/Kartri-Impressions-Santorini-Decorative-Top-Sheet-King-112x98-100-Polyester-White-10-Per-Case-Price-Per-Each_p_27166.html
IMPSQ,IMPSQ,product,27167,27167,Kartri Impressions Santorini Decorative Top Sheet Queen 96x98 100% Polyester White 10 Per Case Price Per Each,IMPSQ,32.05,10,320.5,46.47,464.7,In Stock,https://www.ahscompany.com/Kartri-Impressions-Santorini-Decorative-Top-Sheet-Queen-96x98-100-Polyester-White-10-Per-Case-Price-Per-Each_p_27167.html
IMPST,IMPST,product,28102,28102,Kartri Impressions Santorini Decorative Top Sheet Twin 74x98 100% Polyester White 10 Per Case Price Per Each,IMPST,25.85,10,258.5,37.48,374.79999999999995,In Stock,https://www.ahscompany.com/Kartri-Impressions-Santorini-Decorative-Top-Sheet-Twin-74x98-100-Polyester-White-10-Per-Case-Price-Per-Each_p_28102.html
IMPWK,IMPWK,product,27168,27168,Kartri Impressions Wave Decorative Top Sheet King 112x98 100% Polyester White 10 Per Case Price Per Each,IMPWK,36,10,360,52.2,522,In Stock,https://www.ahscompany.com/Kartri-Impressions-Wave-Decorative-Top-Sheet-King-112x98-100-Polyester-White-10-Per-Case-Price-Per-Each_p_27168.html
IMPWQ,IMPWQ,product,27169,27169,Kartri Impressions Wave Decorative Top Sheet Queen 96x98 100% Polyester White 10 Per Case Price Per Each,IMPWQ,32.05,10,320.5,46.47,464.7,In Stock,https://www.ahscompany.com/Kartri-Impressions-Wave-Decorative-Top-Sheet-Queen-96x98-100-Polyester-White-10-Per-Case-Price-Per-Each_p_27169.html
IMPWT,IMPWT,product,28103,28103,Kartri Impressions Wave Decorative Top Sheet Twin 74x98 100% Polyester White 10 Per Case Price Per Each,IMPWT,25.85,10,258.5,37.48,374.79999999999995,In Stock,https://www.ahscompany.com/Kartri-Impressions-Wave-Decorative-Top-Sheet-Twin-74x98-100-Polyester-White-10-Per-Case-Price-Per-Each_p_28103.html
KA3000-13CLEAR,KA3000-13 Clear,variant,19939,19939,Kartri Plastic Double Open Ends Shower Curtain Hooks 12 Dz Per Case Price Per Dz,KA3000-13 Clear,1.8,,,2.61,,In Stock,https://www.ahscompany.com/Kartri-Plastic-Double-Open-Ends-Shower-Curtain-Hooks-12-Dz-Per-Case-Price-Per-Dz_p_19939.html
KA3000-1WHITE,KA3000-1 White,variant,19939,19939,Kartri Plastic Double Open Ends Shower Curtain Hooks 12 Dz Per Case Price Per Dz,KA3000-1 White,1.8,,,2.61,,In Stock,https://www.ahscompany.com/Kartri-Plastic-Double-Open-Ends-Shower-Curtain-Hooks-12-Dz-Per-Case-Price-Per-Dz_p_19939.html
KA3000-2BEIGE,KA3000-2 Beige,variant,19939,19939,Kartri Plastic Double Open Ends Shower Curtain Hooks 12 Dz Per Case Price Per Dz,KA3000-2 Beige,1.8,,,2.61,,In Stock,https://www.ahscompany.com/Kartri-Plastic-Double-Open-Ends-Shower-Curtain-Hooks-12-Dz-Per-Case-Price-Per-Dz_p_19939.html
KA5000-13CLEAR,KA5000-13 Clear,variant,19937,19937,Kartri Plastic Open End Shower Curtain Hooks 12 Dz Per Case Price Per Dz,KA5000-13 Clear,1.8,,,2.61,,In Stock,https://www.ahscompany.com/Kartri-Plastic-Open-End-Shower-Curtain-Hooks-12-Dz-Per-Case-Price-Per-Dz_p_19937.html
KA5000-1WHITE,KA5000-1 White,variant,19937,19937,Kartri Plastic Open End Shower Curtain Hooks 12 Dz Per Case Price Per Dz,KA5000-1 White,1.8,,,2.61,,In Stock,https://www.ahscompany.com/Kartri-Plastic-Open-End-Shower-Curtain-Hooks-12-Dz-Per-Case-Price-Per-Dz_p_19937.html
KA5000-2BEIGE,KA5000-2 Beige,variant,19937,19937,Kartri Plastic Open End Shower Curtain Hooks 12 Dz Per Case Price Per Dz,KA5000-2 Beige,1.8,,,2.61,,In Stock,https://www.ahscompany.com/Kartri-Plastic-Open-End-Shower-Curtain-Hooks-12-Dz-Per-Case-Price-Per-Dz_p_19937.html
KA711-13CLEAR,KA711-13 Clear,variant,19936,19936,Kartri Plastic Snap Tear Drop Shower Curtain Hooks 12 Dz Per Case Price Per Dz,KA711-13 Clear,1.55,,,2.25,,In Stock,https://www.ahscompany.com/Kartri-Plastic-Snap-Tear-Drop-Shower-Curtain-Hooks-12-Dz-Per-Case-Price-Per-Dz_p_19936.html
KA711-1WHITE,KA711-1 White,variant,19936,19936,Kartri Plastic Snap Tear Drop Shower Curtain Hooks 12 Dz Per Case Price Per Dz,KA711-1 White,1.55,,,2.25,,In Stock,https://www.ahscompany.com/Kartri-Plastic-Snap-Tear-Drop-Shower-Curtain-Hooks-12-Dz-Per-Case-Price-Per-Dz_p_19936.html
KA711-2BEIGE,KA711-2 Beige,variant,19936,19936,Kartri Plastic Snap Tear Drop Shower Curtain Hooks 12 Dz Per Case Price Per Dz,KA711-2 Beige,1.55,,,2.25,,In Stock,https://www.ahscompany.com/Kartri-Plastic-Snap-Tear-Drop-Shower-Curtain-Hooks-12-Dz-Per-Case-Price-Per-Dz_p_19936.html
KA9100-13CLEAR,KA9100-13 Clear,variant,19938,19938,Kartri Plastic Round Side Slide Shower Curtain Hooks 12 Dz Per Case Price Per Dz,KA9100-13 Clear,1.8,,,2.61,,In Stock,https://www.ahscompany.com/Kartri-Plastic-Round-Side-Slide-Shower-Curtain-Hooks-12-Dz-Per-Case-Price-Per-Dz_p_19938.html
KA9100-1WHITE,KA9100-1 White,variant,19938,19938,Kartri Plastic Round Side Slide Shower Curtain Hooks 12 Dz Per Case Price Per Dz,KA9100-1 White,1.8,,,2.61,,In Stock,https://www.ahscompany.com/Kartri-Plastic-Round-Side-Slide-Shower-Curtain-Hooks-12-Dz-Per-Case-Price-Per-Dz_p_19938.html
KA9100-2BEIGE,KA9100-2 Beige,variant,19938,19938,Kartri Plastic Round Side Slide Shower Curtain Hooks 12 Dz Per Case Price Per Dz,KA9100-2 Beige,1.8,,,2.61,,In Stock,https://www.ahscompany.com/Kartri-Plastic-Round-Side-Slide-Shower-Curtain-Hooks-12-Dz-Per-Case-Price-Per-Dz_p_19938.html
KR,KR,product,19862,19862,Kartri Kar-Rib Polyester Shower Curtain With Sewn Eyelets 72x72 White or Navy 12 Per Case Price Per Each,KR,,,,24.94,,In Stock,https://www.ahscompany.com/Kartri-Kar-Rib-Polyester-Shower-Curtain-With-Sewn-Eyelets-72x72-White-or-Navy-12-Per-Case-Price-Per-Each_p_19862.html
KR-17NAVY,KR-17 Navy,variant,19862,19862,Kartri Kar-Rib Polyester Shower Curtain With Sewn Eyelets 72x72 White or Navy 12 Per Case Price Per Each,KR-17 Navy,,,,24.94,,In Stock,https://www.ahscompany.com/Kartri-Kar-Rib-Polyester-Shower-Curtain-With-Sewn-Eyelets-72x72-White-or-Navy-12-Per-Case-Price-Per-Each_p_19862.html
KR-1WHITE,KR-1 White,variant,19862,19862,Kartri Kar-Rib Polyester Shower Curtain With Sewn Eyelets 72x72 White or Navy 12 Per Case Price Per Each,KR-1 White,,,,24.94,,In Stock,https://www.ahscompany.com/Kartri-Kar-Rib-Polyester-Shower-Curtain-With-Sewn-Eyelets-72x72-White-or-Navy-12-Per-Case-Price-Per-Each_p_19862.html
KR-2,KR-2,product,30238,30238,Kartri Kar-Rib Polyester Shower Curtain With Sewn Eyelets 36x72 White or Navy 24 Per Case Price Per Each,KR-2,,,,13.49,,In Stock,https://www.ahscompany.com/Kartri-Kar-Rib-Polyester-Shower-Curtain-With-Sewn-Eyelets-36x72-White-or-Navy-24-Per-Case-Price-Per-Each_p_30238.html
KR-2-17NAVY,KR-2-17 Navy,variant,30238,30238,Kartri Kar-Rib Polyester Shower Curtain With Sewn Eyelets 36x72 White or Navy 24 Per Case Price Per Each,KR-2-17 Navy,,,,13.49,,In Stock,https://www.ahscompany.com/Kartri-Kar-Rib-Polyester-Shower-Curtain-With-Sewn-Eyelets-36x72-White-or-Navy-24-Per-Case-Price-Per-Each_p_30238.html
KR-2-1WHITE,KR-2-1 White,variant,30238,30238,Kartri Kar-Rib Polyester Shower Curtain With Sewn Eyelets 36x72 White or Navy 24 Per Case Price Per Each,KR-2-1 White,,,,13.49,,In Stock,https://www.ahscompany.com/Kartri-Kar-Rib-Polyester-Shower-Curtain-With-Sewn-Eyelets-36x72-White-or-Navy-24-Per-Case-Price-Per-Each_p_30238.html
MC-D,MC-D,product,30228,30228,Kartri Quilted Metro Coverlet Full 90x98 100% Microfiber Polyester White 10 Per Case Price Per Each,MC-D,33.75,10,337.5,48.94,489.4,In Stock,https://www.ahscompany.com/Kartri-Quilted-Metro-Coverlet-Full-90x98-100-Microfiber-Polyester-White-10-Per-Case-Price-Per-Each_p_30228.html
MC-K,MC-K,product,27160,27160,Kartri Quilted Metro Coverlet King 112x98 100% Microfiber Polyester White 10 Per Case Price Per Each,MC-K,39.2,10,392,56.84,568.4000000000001,In Stock,https://www.ahscompany.com/Kartri-Quilted-Metro-Coverlet-King-112x98-100-Microfiber-Polyester-White-10-Per-Case-Price-Per-Each_p_27160.html
MC-Q,MC-Q,product,27161,27161,Kartri Quilted Metro Coverlet Queen 96x98 100% Microfiber Polyester White 10 Per Case Price Per Each,MC-Q,35.15,10,351.5,50.97,509.7,In Stock,https://www.ahscompany.com/Kartri-Quilted-Metro-Coverlet-Queen-96x98-100-Microfiber-Polyester-White-10-Per-Case-Price-Per-Each_p_27161.html
ML-1,ML-1,product,19866,19866,Kartri Millennium Polyester Shower Curtain With Sewn Eyelets 72x72 White 12 Per Case Price Per Each,ML-1,,,,24.94,,In Stock,https://www.ahscompany.com/Kartri-Millennium-Polyester-Shower-Curtain-With-Sewn-Eyelets-72x72-White-12-Per-Case-Price-Per-Each_p_19866.html
ML-1-36X72,ML-1-36x72,product,30239,30239,Kartri Millennium Polyester Shower Curtain With Sewn Eyelets 36x72 White 24 Per Case Price Per Each,ML-1-36x72,,,,14.94,,In Stock,https://www.ahscompany.com/Kartri-Millennium-Polyester-Shower-Curtain-With-Sewn-Eyelets-36x72-White-24-Per-Case-Price-Per-Each_p_30239.html
NOC-F-1,NOC-F-1,product,28295,28295,Kartri Nocturne Blend Top Sheet Full 85x110 50% poly 46% Cotton 4% Lycra White 6 Per Case Price Per Each,NOC-F-1,27.75,6,166.5,40.24,241.44,In Stock,https://www.ahscompany.com/Kartri-Nocturne-Blend-Top-Sheet-Full-85x110-50-poly-46-Cotton-4-Lycra-White-6-Per-Case-Price-Per-Each_p_28295.html
NOC-K-1,NOC-K-1,product,28297,28297,Kartri Nocturne Blend Top Sheet King 108x110 50% poly 46% Cotton 4% Lycra White 6 Per Case Price Per Each,NOC-K-1,33.4,6,200.39999999999998,48.43,290.58,In Stock,https://www.ahscompany.com/Kartri-Nocturne-Blend-Top-Sheet-King-108x110-50-poly-46-Cotton-4-Lycra-White-6-Per-Case-Price-Per-Each_p_28297.html
NOC-Q-1,NOC-Q-1,product,28296,28296,Kartri Nocturne Blend Top Sheet Queen 93x110 50% poly 46% Cotton 4% Lycra White 6 Per Case Price Per Each,NOC-Q-1,30,6,180,43.5,261,In Stock,https://www.ahscompany.com/Kartri-Nocturne-Blend-Top-Sheet-Queen-93x110-50-poly-46-Cotton-4-Lycra-White-6-Per-Case-Price-Per-Each_p_28296.html
NOC-T-1,NOC-T-1,product,28294,28294,Kartri Nocturne Blend Top Sheet Twin 72x110 50% poly 46% Cotton 4% Lycra White 6 Per Case Price Per Each,NOC-T-1,24.75,6,148.5,35.89,215.34,In Stock,https://www.ahscompany.com/Kartri-Nocturne-Blend-Top-Sheet-Twin-72x110-50-poly-46-Cotton-4-Lycra-White-6-Per-Case-Price-Per-Each_p_28294.html
NY,NY,product,19843,19843,Kartri Nylon Shower Curtain With Sewn Eyelets White 72x72 12 Per Case Price Per Each,NY,,,,25.52,,In Stock,https://www.ahscompany.com/Kartri-Nylon-Shower-Curtain-With-Sewn-Eyelets-White-72x72-12-Per-Case-Price-Per-Each_p_19843.html
NY-2,NY-2,product,30240,30240,Kartri Nylon Shower Curtain With Sewn Eyelets White 36x72 24 Per Case Price Per Each,NY-2,,,,14.86,,In Stock,https://www.ahscompany.com/Kartri-Nylon-Shower-Curtain-With-Sewn-Eyelets-White-36x72-24-Per-Case-Price-Per-Each_p_30240.html
NYCH7272-2,NYCH7272-2,product,19846,19846,Kartri Nylon Shower Curtain With Sewn Eyelets 72x72 Beige 12 Per Case Price Per Each,NYCH7272-2,,,,16.39,,In Stock,https://www.ahscompany.com/Kartri-Nylon-Shower-Curtain-With-Sewn-Eyelets-72x72-Beige-12-Per-Case-Price-Per-Each_p_19846.html
PF7272,PF7272,product,27186,27186,Kartri 6 Gauge Eco-Friendly Vinyl Shower Curtain With Metal Grommets 72x72 Frosty 12 Per Case Price Per Each,PF7272,,,,8.63,,In Stock,https://www.ahscompany.com/Kartri-6-Gauge-Eco-Friendly-Vinyl-Shower-Curtain-With-Metal-Grommets-72x72-Frosty-12-Per-Case-Price-Per-Each_p_27186.html
PVA-1WHITE,PVA-1 White,variant,19917,19917,Kartri 8 Gauge Peva Plain Vinyl Shower Curtain With Metal Grommets 72x72 White or Frosty 12 Per Case Price Per Each,PVA-1 White,,,,10.73,,In Stock,https://www.ahscompany.com/Kartri-8-Gauge-Peva-Plain-Vinyl-Shower-Curtain-With-Metal-Grommets-72x72-White-or-Frosty-12-Per-Case-Price-Per-Each_p_19917.html
PVA-24FROSTY,PVA-24 Frosty,variant,19917,19917,Kartri 8 Gauge Peva Plain Vinyl Shower Curtain With Metal Grommets 72x72 White or Frosty 12 Per Case Price Per Each,PVA-24 Frosty,,,,10.73,,In Stock,https://www.ahscompany.com/Kartri-8-Gauge-Peva-Plain-Vinyl-Shower-Curtain-With-Metal-Grommets-72x72-White-or-Frosty-12-Per-Case-Price-Per-Each_p_19917.html
PVABM,PVA BM,product,19917,19917,Kartri 8 Gauge Peva Plain Vinyl Shower Curtain With Metal Grommets 72x72 White or Frosty 12 Per Case Price Per Each,PVA BM,,,,10.73,,In Stock,https://www.ahscompany.com/Kartri-8-Gauge-Peva-Plain-Vinyl-Shower-Curtain-With-Metal-Grommets-72x72-White-or-Frosty-12-Per-Case-Price-Per-Each_p_19917.html
QIMPBD,QIMPBD,product,32674,32674,Kartri Quilted Breezes Coverlet Double 90x98 100% Microfiber Polyester White 8 Per Case Price Per Each,QIMPBD,37.75,8,302,54.74,437.92,In Stock,https://www.ahscompany.com/Kartri-Quilted-Breezes-Coverlet-Double-90x98-100-Microfiber-Polyester-White-8-Per-Case-Price-Per-Each_p_32674.html
QIMPBK,QIMPBK,product,27170,27170,Kartri Quilted Breezes Coverlet King 112x98 100% Microfiber Polyester White 6 Per Case Price Per Each,QIMPBK,43.75,6,262.5,63.44,380.64,In Stock,https://www.ahscompany.com/Kartri-Quilted-Breezes-Coverlet-King-112x98-100-Microfiber-Polyester-White-6-Per-Case-Price-Per-Each_p_27170.html
QIMPBQ,QIMPBQ,product,27171,27171,Kartri Quilted Breezes Coverlet Queen 96x98 100% Microfiber Polyester White 8 Per Case Price Per Each,QIMPBQ,39.4,8,315.2,57.13,457.04,In Stock,https://www.ahscompany.com/Kartri-Quilted-Breezes-Coverlet-Queen-96x98-100-Microfiber-Polyester-White-8-Per-Case-Price-Per-Each_p_27171.html
QIMPBT,QIMPBT,product,28104,28104,Kartri Quilted Breezes Coverlet Twin 74x98 100% Microfiber Polyester White 10 Per Case Price Per Each,QIMPBT,33.4,10,334,48.43,484.3,In Stock,https://www.ahscompany.com/Kartri-Quilted-Breezes-Coverlet-Twin-74x98-100-Microfiber-Polyester-White-10-Per-Case-Price-Per-Each_p_28104.html
QIMPDDD,QIMPDDD,product,32673,32673,Kartri Quilted Double Diamond Coverlet Double 90x98 100% Microfiber Polyester White 8 Per Case Price Per Each,QIMPDDD,37.75,8,302,54.74,437.92,In Stock,https://www.ahscompany.com/Kartri-Quilted-Double-Diamond-Coverlet-Double-90x98-100-Microfiber-Polyester-White-8-Per-Case-Price-Per-Each_p_32673.html
SBOXA,SBOXA,product,27177,27177,Kartri Satin Box Polyester Shower Curtain With Sewn Eyelets 72x72 White 12 Per Case Price Per Each,SBOXA,,,,20.16,,In Stock,https://www.ahscompany.com/Kartri-Satin-Box-Polyester-Shower-Curtain-With-Sewn-Eyelets-72x72-White-12-Per-Case-Price-Per-Each_p_27177.html
SC-1WHITE,SC-1 White,variant,19920,19920,Kartri 8 Gauge San Crepe Vinyl Shower Curtain With Metal Grommets 72x72 12 Per Case Price Per Each,SC-1 White,,,,10.95,,In Stock,https://www.ahscompany.com/Kartri-8-Gauge-San-Crepe-Vinyl-Shower-Curtain-With-Metal-Grommets-72x72-12-Per-Case-Price-Per-Each_p_19920.html
SC-2,SC-2,product,29880,29880,Kartri 8 Gauge San Crepe Vinyl Shower Curtain With Metal Grommets 36x72 24 Per Case Price Per Each,SC-2,,,,6.6,,In Stock,https://www.ahscompany.com/Kartri-8-Gauge-San-Crepe-Vinyl-Shower-Curtain-With-Metal-Grommets-36x72-24-Per-Case-Price-Per-Each_p_29880.html
SC-2-1WHITE,SC-2-1 White,variant,29880,29880,Kartri 8 Gauge San Crepe Vinyl Shower Curtain With Metal Grommets 36x72 24 Per Case Price Per Each,SC-2-1 White,,,,6.6,,In Stock,https://www.ahscompany.com/Kartri-8-Gauge-San-Crepe-Vinyl-Shower-Curtain-With-Metal-Grommets-36x72-24-Per-Case-Price-Per-Each_p_29880.html
SC-2-24FROSTY,SC-2-24 Frosty,variant,29880,29880,Kartri 8 Gauge San Crepe Vinyl Shower Curtain With Metal Grommets 36x72 24 Per Case Price Per Each,SC-2-24 Frosty,,,,6.6,,In Stock,https://www.ahscompany.com/Kartri-8-Gauge-San-Crepe-Vinyl-Shower-Curtain-With-Metal-Grommets-36x72-24-Per-Case-Price-Per-Each_p_29880.html
SC-2-2BEIGE,SC-2-2 Beige,variant,29880,29880,Kartri 8 Gauge San Crepe Vinyl Shower Curtain With Metal Grommets 36x72 24 Per Case Price Per Each,SC-2-2 Beige,,,,6.6,,In Stock,https://www.ahscompany.com/Kartri-8-Gauge-San-Crepe-Vinyl-Shower-Curtain-With-Metal-Grommets-36x72-24-Per-Case-Price-Per-Each_p_29880.html
SC-24FROSTY,SC-24 Frosty,variant,19920,19920,Kartri 8 Gauge San Crepe Vinyl Shower Curtain With Metal Grommets 72x72 12 Per Case Price Per Each,SC-24 Frosty,,,,10.95,,In Stock,https://www.ahscompany.com/Kartri-8-Gauge-San-Crepe-Vinyl-Shower-Curtain-With-Metal-Grommets-72x72-12-Per-Case-Price-Per-Each_p_19920.html
SC-2BEIGE,SC-2 Beige,variant,19920,19920,Kartri 8 Gauge San Crepe Vinyl Shower Curtain With Metal Grommets 72x72 12 Per Case Price Per Each,SC-2 Beige,,,,10.95,,In Stock,https://www.ahscompany.com/Kartri-8-Gauge-San-Crepe-Vinyl-Shower-Curtain-With-Metal-Grommets-72x72-12-Per-Case-Price-Per-Each_p_19920.html
SNW,SNW,product,19870,19870,Kartri Satein Woven Polyester Shower Curtain With Sewn Eyelets 72x72 White or Beige 12 Per Case Price Per Each,SNW,,,,24.8,,In Stock,https://www.ahscompany.com/Kartri-Satein-Woven-Polyester-Shower-Curtain-With-Sewn-Eyelets-72x72-White-or-Beige-12-Per-Case-Price-Per-Each_p_19870.html
SNW-1WHITE,SNW-1 White,variant,19870,19870,Kartri Satein Woven Polyester Shower Curtain With Sewn Eyelets 72x72 White or Beige 12 Per Case Price Per Each,SNW-1 White,,,,24.8,,In Stock,https://www.ahscompany.com/Kartri-Satein-Woven-Polyester-Shower-Curtain-With-Sewn-Eyelets-72x72-White-or-Beige-12-Per-Case-Price-Per-Each_p_19870.html
SNW-2,SNW-2,product,30241,30241,Kartri Satein Woven Polyester Shower Curtain With Sewn Eyelets 36x72 White or Beige 24 Per Case Price Per Each,SNW-2,,,,14.86,,In Stock,https://www.ahscompany.com/Kartri-Satein-Woven-Polyester-Shower-Curtain-With-Sewn-Eyelets-36x72-White-or-Beige-24-Per-Case-Price-Per-Each_p_30241.html
SNW-2-1WHITE,SNW-2-1 White,variant,30241,30241,Kartri Satein Woven Polyester Shower Curtain With Sewn Eyelets 36x72 White or Beige 24 Per Case Price Per Each,SNW-2-1 White,,,,14.86,,In Stock,https://www.ahscompany.com/Kartri-Satein-Woven-Polyester-Shower-Curtain-With-Sewn-Eyelets-36x72-White-or-Beige-24-Per-Case-Price-Per-Each_p_30241.html
SNW-2-2BEIGE,SNW-2-2 Beige,variant,30241,30241,Kartri Satein Woven Polyester Shower Curtain With Sewn Eyelets 36x72 White or Beige 24 Per Case Price Per Each,SNW-2-2 Beige,,,,14.86,,In Stock,https://www.ahscompany.com/Kartri-Satein-Woven-Polyester-Shower-Curtain-With-Sewn-Eyelets-36x72-White-or-Beige-24-Per-Case-Price-Per-Each_p_30241.html
SNW-2BEIGE,SNW-2 Beige,variant,19870,19870,Kartri Satein Woven Polyester Shower Curtain With Sewn Eyelets 72x72 White or Beige 12 Per Case Price Per Each,SNW-2 Beige,,,,24.8,,In Stock,https://www.ahscompany.com/Kartri-Satein-Woven-Polyester-Shower-Curtain-With-Sewn-Eyelets-72x72-White-or-Beige-12-Per-Case-Price-Per-Each_p_19870.html
SP,SP,product,19858,19858,Kartri Dobbie Polyester Shower Curtain With Sewn Eyelets 72x72 White or Beige 12 Per Case Price Per Each,SP,,,,26.54,,In Stock,https://www.ahscompany.com/Kartri-Dobbie-Polyester-Shower-Curtain-With-Sewn-Eyelets-72x72-White-or-Beige-12-Per-Case-Price-Per-Each_p_19858.html
SP-1WHITE,SP-1 White,variant,19858,19858,Kartri Dobbie Polyester Shower Curtain With Sewn Eyelets 72x72 White or Beige 12 Per Case Price Per Each,SP-1 White,,,,26.54,,In Stock,https://www.ahscompany.com/Kartri-Dobbie-Polyester-Shower-Curtain-With-Sewn-Eyelets-72x72-White-or-Beige-12-Per-Case-Price-Per-Each_p_19858.html
SP-2-1WHITE,SP-2-1 White,variant,30235,30235,Kartri Dobbie Polyester Shower Curtain With Sewn Eyelets 36x72 White or Beige 24 Per Case Price Per Each,SP-2-1 White,,,,15.95,,In Stock,https://www.ahscompany.com/Kartri-Dobbie-Polyester-Shower-Curtain-With-Sewn-Eyelets-36x72-White-or-Beige-24-Per-Case-Price-Per-Each_p_30235.html
SP-2-2BEIGE,SP-2-2 Beige,variant,30235,30235,Kartri Dobbie Polyester Shower Curtain With Sewn Eyelets 36x72 White or Beige 24 Per Case Price Per Each,SP-2-2 Beige,,,,15.95,,In Stock,https://www.ahscompany.com/Kartri-Dobbie-Polyester-Shower-Curtain-With-Sewn-Eyelets-36x72-White-or-Beige-24-Per-Case-Price-Per-Each_p_30235.html
SP-2BEIGE,SP-2 Beige,variant,19858,19858,Kartri Dobbie Polyester Shower Curtain With Sewn Eyelets 72x72 White or Beige 12 Per Case Price Per Each,SP-2 Beige,,,,26.54,,In Stock,https://www.ahscompany.com/Kartri-Dobbie-Polyester-Shower-Curtain-With-Sewn-Eyelets-72x72-White-or-Beige-12-Per-Case-Price-Per-Each_p_19858.html
SS,SS,product,19910,19910,Kartri 10 Gauge San Suede Vinyl Shower Curtain With Metal Grommets 72x72 12 Per Case Price Per Each,SS,,,,11.6,,In Stock,https://www.ahscompany.com/Kartri-10-Gauge-San-Suede-Vinyl-Shower-Curtain-With-Metal-Grommets-72x72-12-Per-Case-Price-Per-Each_p_19910.html
SS-12CHAMPAGNE,SS-12 Champagne,variant,19910,19910,Kartri 10 Gauge San Suede Vinyl Shower Curtain With Metal Grommets 72x72 12 Per Case Price Per Each,SS-12 Champagne,,,,11.6,,In Stock,https://www.ahscompany.com/Kartri-10-Gauge-San-Suede-Vinyl-Shower-Curtain-With-Metal-Grommets-72x72-12-Per-Case-Price-Per-Each_p_19910.html
SS-17NAVY,SS-17 Navy,variant,19910,19910,Kartri 10 Gauge San Suede Vinyl Shower Curtain With Metal Grommets 72x72 12 Per Case Price Per Each,SS-17 Navy,,,,11.6,,In Stock,https://www.ahscompany.com/Kartri-10-Gauge-San-Suede-Vinyl-Shower-Curtain-With-Metal-Grommets-72x72-12-Per-Case-Price-Per-Each_p_19910.html
SS-1WHITE,SS-1 White,variant,19910,19910,Kartri 10 Gauge San Suede Vinyl Shower Curtain With Metal Grommets 72x72 12 Per Case Price Per Each,SS-1 White,,,,11.6,,In Stock,https://www.ahscompany.com/Kartri-10-Gauge-San-Suede-Vinyl-Shower-Curtain-With-Metal-Grommets-72x72-12-Per-Case-Price-Per-Each_p_19910.html
SS-2,SS-2,product,29877,29877,Kartri 10 Gauge San Suede Vinyl Shower Curtain With Metal Grommets 36x72 24 Per Case Price Per Each,SS-2,,,,6.96,,In Stock,https://www.ahscompany.com/Kartri-10-Gauge-San-Suede-Vinyl-Shower-Curtain-With-Metal-Grommets-36x72-24-Per-Case-Price-Per-Each_p_29877.html
SS-2-12CHAMPAGNE,SS-2-12 Champagne,variant,29877,29877,Kartri 10 Gauge San Suede Vinyl Shower Curtain With Metal Grommets 36x72 24 Per Case Price Per Each,SS-2-12 Champagne,,,,6.96,,In Stock,https://www.ahscompany.com/Kartri-10-Gauge-San-Suede-Vinyl-Shower-Curtain-With-Metal-Grommets-36x72-24-Per-Case-Price-Per-Each_p_29877.html
SS-2-17NAVY,SS-2-17 Navy,variant,29877,29877,Kartri 10 Gauge San Suede Vinyl Shower Curtain With Metal Grommets 36x72 24 Per Case Price Per Each,SS-2-17 Navy,,,,6.96,,In Stock,https://www.ahscompany.com/Kartri-10-Gauge-San-Suede-Vinyl-Shower-Curtain-With-Metal-Grommets-36x72-24-Per-Case-Price-Per-Each_p_29877.html
SS-2-1WHITE,SS-2-1 White,variant,29877,29877,Kartri 10 Gauge San Suede Vinyl Shower Curtain With Metal Grommets 36x72 24 Per Case Price Per Each,SS-2-1 White,,,,6.96,,In Stock,https://www.ahscompany.com/Kartri-10-Gauge-San-Suede-Vinyl-Shower-Curtain-With-Metal-Grommets-36x72-24-Per-Case-Price-Per-Each_p_29877.html
SS-2-2BEIGE,SS-2-2 Beige,variant,29877,29877,Kartri 10 Gauge San Suede Vinyl Shower Curtain With Metal Grommets 36x72 24 Per Case Price Per Each,SS-2-2 Beige,,,,6.96,,In Stock,https://www.ahscompany.com/Kartri-10-Gauge-San-Suede-Vinyl-Shower-Curtain-With-Metal-Grommets-36x72-24-Per-Case-Price-Per-Each_p_29877.html
SS-2-7BLUE,SS-2-7 Blue,variant,29877,29877,Kartri 10 Gauge San Suede Vinyl Shower Curtain With Metal Grommets 36x72 24 Per Case Price Per Each,SS-2-7 Blue,,,,6.96,,In Stock,https://www.ahscompany.com/Kartri-10-Gauge-San-Suede-Vinyl-Shower-Curtain-With-Metal-Grommets-36x72-24-Per-Case-Price-Per-Each_p_29877.html
SS-2-8GREEN,SS-2-8 Green,variant,29877,29877,Kartri 10 Gauge San Suede Vinyl Shower Curtain With Metal Grommets 36x72 24 Per Case Price Per Each,SS-2-8 Green,,,,6.96,,In Stock,https://www.ahscompany.com/Kartri-10-Gauge-San-Suede-Vinyl-Shower-Curtain-With-Metal-Grommets-36x72-24-Per-Case-Price-Per-Each_p_29877.html
SS-2-9PINK,SS-2-9 Pink,variant,29877,29877,Kartri 10 Gauge San Suede Vinyl Shower Curtain With Metal Grommets 36x72 24 Per Case Price Per Each,SS-2-9 Pink,,,,6.96,,In Stock,https://www.ahscompany.com/Kartri-10-Gauge-San-Suede-Vinyl-Shower-Curtain-With-Metal-Grommets-36x72-24-Per-Case-Price-Per-Each_p_29877.html
SS-2BEIGE,SS-2 Beige,variant,19910,19910,Kartri 10 Gauge San Suede Vinyl Shower Curtain With Metal Grommets 72x72 12 Per Case Price Per Each,SS-2 Beige,,,,11.6,,In Stock,https://www.ahscompany.com/Kartri-10-Gauge-San-Suede-Vinyl-Shower-Curtain-With-Metal-Grommets-72x72-12-Per-Case-Price-Per-Each_p_19910.html
SS-7BLUE,SS-7 Blue,variant,19910,19910,Kartri 10 Gauge San Suede Vinyl Shower Curtain With Metal Grommets 72x72 12 Per Case Price Per Each,SS-7 Blue,,,,11.6,,In Stock,https://www.ahscompany.com/Kartri-10-Gauge-San-Suede-Vinyl-Shower-Curtain-With-Metal-Grommets-72x72-12-Per-Case-Price-Per-Each_p_19910.html
SS-8GREEN,SS-8 Green,variant,19910,19910,Kartri 10 Gauge San Suede Vinyl Shower Curtain With Metal Grommets 72x72 12 Per Case Price Per Each,SS-8 Green,,,,11.6,,In Stock,https://www.ahscompany.com/Kartri-10-Gauge-San-Suede-Vinyl-Shower-Curtain-With-Metal-Grommets-72x72-12-Per-Case-Price-Per-Each_p_19910.html
SS-9PINK,SS-9 Pink,variant,19910,19910,Kartri 10 Gauge San Suede Vinyl Shower Curtain With Metal Grommets 72x72 12 Per Case Price Per Each,SS-9 Pink,,,,11.6,,In Stock,https://www.ahscompany.com/Kartri-10-Gauge-San-Suede-Vinyl-Shower-Curtain-With-Metal-Grommets-72x72-12-Per-Case-Price-Per-Each_p_19910.html
ST,ST,product,19924,19924,Kartri 7 Gauge See-Thru Vinyl Shower Curtain With Metal Grommets 72x72 Clear 12 Per Case Price Per Each,ST,,,,10.22,,In Stock,https://www.ahscompany.com/Kartri-7-Gauge-See-Thru-Vinyl-Shower-Curtain-With-Metal-Grommets-72x72-Clear-12-Per-Case-Price-Per-Each_p_19924.html
ST-2,ST-2,product,29882,29882,Kartri 7 Gauge See-Thru Vinyl Shower Curtain With Metal Grommets 36x72 Clear 24 Per Case Price Per Each,ST-2,,,,6.16,,In Stock,https://www.ahscompany.com/Kartri-7-Gauge-See-Thru-Vinyl-Shower-Curtain-With-Metal-Grommets-36x72-Clear-24-Per-Case-Price-Per-Each_p_29882.html
SW,SW,product,19922,19922,Kartri 8 Gauge Swirl Vinyl Shower Curtain With Metal Grommets 72x72 White 12 Per Case Price Per Each,SW,,,,9.43,,In Stock,https://www.ahscompany.com/Kartri-8-Gauge-Swirl-Vinyl-Shower-Curtain-With-Metal-Grommets-72x72-White-12-Per-Case-Price-Per-Each_p_19922.html
SW-2,SW-2,product,29881,29881,Kartri 8 Gauge Swirl Vinyl Shower Curtain With Metal Grommets 36x72 White 24 Per Case Price Per Each,SW-2,,,,5.66,,In Stock,https://www.ahscompany.com/Kartri-8-Gauge-Swirl-Vinyl-Shower-Curtain-With-Metal-Grommets-36x72-White-24-Per-Case-Price-Per-Each_p_29881.html
URBWA-D,URBWA-D,product,27157,27157,Kartri Urban Waffle Decorative Top Sheet With Square Corners Double 85x90 100% Polyester White 6 Per Case Price Per Each,URBWA-D,26.3,6,157.8,38.14,228.84,In Stock,https://www.ahscompany.com/Kartri-Urban-Waffle-Decorative-Top-Sheet-With-Square-Corners-Double-85x90-100-Polyester-White-6-Per-Case-Price-Per-Each_p_27157.html
URBWA-K,URBWA-K,product,27155,27155,Kartri Urban Waffle Decorative Top Sheet With Square Corners King 105x95 100% Polyester White 6 Per Case Price Per Each,URBWA-K,31.9,6,191.39999999999998,46.26,277.56,In Stock,https://www.ahscompany.com/Kartri-Urban-Waffle-Decorative-Top-Sheet-With-Square-Corners-King-105x95-100-Polyester-White-6-Per-Case-Price-Per-Each_p_27155.html
URBWA-Q,URBWA-Q,product,27156,27156,Kartri Urban Waffle Decorative Top Sheet With Square Corners Queen 90x95 100% Polyester White 6 Per Case Price Per Each,URBWA-Q,27.85,6,167.10000000000002,40.38,242.28000000000003,In Stock,https://www.ahscompany.com/Kartri-Urban-Waffle-Decorative-Top-Sheet-With-Square-Corners-Queen-90x95-100-Polyester-White-6-Per-Case-Price-Per-Each_p_27156.html
URBWA-T,URBWA-T,product,27158,27158,Kartri Urban Waffle Decorative Top Sheet With Square Corners Twin 69x90 100% Polyester White 6 Per Case Price Per Each,URBWA-T,23.6,6,141.60000000000002,34.22,205.32,In Stock,https://www.ahscompany.com/Kartri-Urban-Waffle-Decorative-Top-Sheet-With-Square-Corners-Twin-69x90-100-Polyester-White-6-Per-Case-Price-Per-Each_p_27158.html
VCA,VCA,product,19876,19876,Kartri Vision Check Sheer Polyester Shower Curtain With Sewn Eyelets 72x72 White or Beige 12 Per Case Price Per Each,VCA,,,,20.3,,In Stock,https://www.ahscompany.com/Kartri-Vision-Check-Sheer-Polyester-Shower-Curtain-With-Sewn-Eyelets-72x72-White-or-Beige-12-Per-Case-Price-Per-Each_p_19876.html
VCA-1WHITE,VCA-1 White,variant,19876,19876,Kartri Vision Check Sheer Polyester Shower Curtain With Sewn Eyelets 72x72 White or Beige 12 Per Case Price Per Each,VCA-1 White,,,,20.3,,In Stock,https://www.ahscompany.com/Kartri-Vision-Check-Sheer-Polyester-Shower-Curtain-With-Sewn-Eyelets-72x72-White-or-Beige-12-Per-Case-Price-Per-Each_p_19876.html
VCA-2BEIGE,VCA-2 Beige,variant,19876,19876,Kartri Vision Check Sheer Polyester Shower Curtain With Sewn Eyelets 72x72 White or Beige 12 Per Case Price Per Each,VCA-2 Beige,,,,20.3,,In Stock,https://www.ahscompany.com/Kartri-Vision-Check-Sheer-Polyester-Shower-Curtain-With-Sewn-Eyelets-72x72-White-or-Beige-12-Per-Case-Price-Per-Each_p_19876.html
VL3AA,VL3AA,product,27691,27691,Kartri 3 Gauge Vinyl Liner With Metal Grommets 72x72 White 24 Per Case Price Per Each,VL3AA,,,,5.44,,In Stock,https://www.ahscompany.com/Kartri-3-Gauge-Vinyl-Liner-With-Metal-Grommets-72x72-White-24-Per-Case-Price-Per-Each_p_27691.html
VLCNAA,VLCNAA,product,27188,27188,Kartri 4 Gauge Vinyl Liner With Metal Grommets White or Beige 72x72 24 Per Case Price Per Each,VLCNAA,,,,5.95,,In Stock,https://www.ahscompany.com/Kartri-4-Gauge-Vinyl-Liner-With-Metal-Grommets-White-or-Beige-72x72-24-Per-Case-Price-Per-Each_p_27188.html
VLCNAA-1WHITE,VLCNAA-1 White,variant,27188,27188,Kartri 4 Gauge Vinyl Liner With Metal Grommets White or Beige 72x72 24 Per Case Price Per Each,VLCNAA-1 White,,,,5.95,,In Stock,https://www.ahscompany.com/Kartri-4-Gauge-Vinyl-Liner-With-Metal-Grommets-White-or-Beige-72x72-24-Per-Case-Price-Per-Each_p_27188.html
VLCNAA-2BEIGE,VLCNAA-2 Beige,variant,27188,27188,Kartri 4 Gauge Vinyl Liner With Metal Grommets White or Beige 72x72 24 Per Case Price Per Each,VLCNAA-2 Beige,,,,5.95,,In Stock,https://www.ahscompany.com/Kartri-4-Gauge-Vinyl-Liner-With-Metal-Grommets-White-or-Beige-72x72-24-Per-Case-Price-Per-Each_p_27188.html
VSCNAABM,VSCNAA BM,product,19930,19930,Kartri 5 Gauge Vinsoft Vinyl Shower Curtain With Metal Grommets 72x72 White or Frosty 12 Per Case Price Per Each,VSCNAA BM,,,,8.12,,In Stock,https://www.ahscompany.com/Kartri-5-Gauge-Vinsoft-Vinyl-Shower-Curtain-With-Metal-Grommets-72x72-White-or-Frosty-12-Per-Case-Price-Per-Each_p_19930.html
VT,VT,product,19926,19926,Kartri 6 Gauge Vintaff Vinyl Shower Curtain With Metal Grommets 72x72 12 Per Case Price Per Each,VT,,,,8.27,,In Stock,https://www.ahscompany.com/Kartri-6-Gauge-Vintaff-Vinyl-Shower-Curtain-With-Metal-Grommets-72x72-12-Per-Case-Price-Per-Each_p_19926.html
VT-1WHITE,VT-1 White,variant,19926,19926,Kartri 6 Gauge Vintaff Vinyl Shower Curtain With Metal Grommets 72x72 12 Per Case Price Per Each,VT-1 White,,,,8.27,,In Stock,https://www.ahscompany.com/Kartri-6-Gauge-Vintaff-Vinyl-Shower-Curtain-With-Metal-Grommets-72x72-12-Per-Case-Price-Per-Each_p_19926.html
VT-2,VT-2,product,29876,29876,Kartri 6 Gauge Vintaff Vinyl Shower Curtain With Metal Grommets 36x72 24 Per Case Price Per Each,VT-2,,,,4.93,,In Stock,https://www.ahscompany.com/Kartri-6-Gauge-Vintaff-Vinyl-Shower-Curtain-With-Metal-Grommets-36x72-24-Per-Case-Price-Per-Each_p_29876.html
VT-2-1WHITE,VT-2-1 White,variant,29876,29876,Kartri 6 Gauge Vintaff Vinyl Shower Curtain With Metal Grommets 36x72 24 Per Case Price Per Each,VT-2-1 White,,,,4.93,,In Stock,https://www.ahscompany.com/Kartri-6-Gauge-Vintaff-Vinyl-Shower-Curtain-With-Metal-Grommets-36x72-24-Per-Case-Price-Per-Each_p_29876.html
VT-2-24FROSTY,VT-2-24 Frosty,variant,29876,29876,Kartri 6 Gauge Vintaff Vinyl Shower Curtain With Metal Grommets 36x72 24 Per Case Price Per Each,VT-2-24 Frosty,,,,4.93,,In Stock,https://www.ahscompany.com/Kartri-6-Gauge-Vintaff-Vinyl-Shower-Curtain-With-Metal-Grommets-36x72-24-Per-Case-Price-Per-Each_p_29876.html
VT-2-2BEIGE,VT-2-2 Beige,variant,29876,29876,Kartri 6 Gauge Vintaff Vinyl Shower Curtain With Metal Grommets 36x72 24 Per Case Price Per Each,VT-2-2 Beige,,,,4.93,,In Stock,https://www.ahscompany.com/Kartri-6-Gauge-Vintaff-Vinyl-Shower-Curtain-With-Metal-Grommets-36x72-24-Per-Case-Price-Per-Each_p_29876.html
VT-2-7BLUE,VT-2-7 Blue,variant,29876,29876,Kartri 6 Gauge Vintaff Vinyl Shower Curtain With Metal Grommets 36x72 24 Per Case Price Per Each,VT-2-7 Blue,,,,4.93,,In Stock,https://www.ahscompany.com/Kartri-6-Gauge-Vintaff-Vinyl-Shower-Curtain-With-Metal-Grommets-36x72-24-Per-Case-Price-Per-Each_p_29876.html
VT-2-8GREEN,VT-2-8 Green,variant,29876,29876,Kartri 6 Gauge Vintaff Vinyl Shower Curtain With Metal Grommets 36x72 24 Per Case Price Per Each,VT-2-8 Green,,,,4.93,,In Stock,https://www.ahscompany.com/Kartri-6-Gauge-Vintaff-Vinyl-Shower-Curtain-With-Metal-Grommets-36x72-24-Per-Case-Price-Per-Each_p_29876.html
VT-24FROSTY,VT-24 Frosty,variant,19926,19926,Kartri 6 Gauge Vintaff Vinyl Shower Curtain With Metal Grommets 72x72 12 Per Case Price Per Each,VT-24 Frosty,,,,8.27,,In Stock,https://www.ahscompany.com/Kartri-6-Gauge-Vintaff-Vinyl-Shower-Curtain-With-Metal-Grommets-72x72-12-Per-Case-Price-Per-Each_p_19926.html
VT-2BEIGE,VT-2 Beige,variant,19926,19926,Kartri 6 Gauge Vintaff Vinyl Shower Curtain With Metal Grommets 72x72 12 Per Case Price Per Each,VT-2 Beige,,,,8.27,,In Stock,https://www.ahscompany.com/Kartri-6-Gauge-Vintaff-Vinyl-Shower-Curtain-With-Metal-Grommets-72x72-12-Per-Case-Price-Per-Each_p_19926.html
VT-7BLUE,VT-7 Blue,variant,19926,19926,Kartri 6 Gauge Vintaff Vinyl Shower Curtain With Metal Grommets 72x72 12 Per Case Price Per Each,VT-7 Blue,,,,8.27,,In Stock,https://www.ahscompany.com/Kartri-6-Gauge-Vintaff-Vinyl-Shower-Curtain-With-Metal-Grommets-72x72-12-Per-Case-Price-Per-Each_p_19926.html
VT-8GREEN,VT-8 Green,variant,19926,19926,Kartri 6 Gauge Vintaff Vinyl Shower Curtain With Metal Grommets 72x72 12 Per Case Price Per Each,VT-8 Green,,,,8.27,,In Stock,https://www.ahscompany.com/Kartri-6-Gauge-Vintaff-Vinyl-Shower-Curtain-With-Metal-Grommets-72x72-12-Per-Case-Price-Per-Each_p_19926.html
WASU-D,WASU-D,product,19968,19968,Kartri Waffle Supreme Decorative Top Sheet With Square Corners Double 85x90 100% Polyester White 6 Per Case Price Per Each,WASU-D,26.3,6,157.8,38.14,228.84,In Stock,https://www.ahscompany.com/Kartri-Waffle-Supreme-Decorative-Top-Sheet-With-Square-Corners-Double-85x90-100-Polyester-White-6-Per-Case-Price-Per-Each_p_19968.html
WASU-K,WASU-K,product,19966,19966,Kartri Waffle Supreme Decorative Top Sheet With Square Corners King 105x95 100% Polyester White 6 Per Case Price Per Each,WASU-K,31.9,6,191.39999999999998,46.26,277.56,In Stock,https://www.ahscompany.com/Kartri-Waffle-Supreme-Decorative-Top-Sheet-With-Square-Corners-King-105x95-100-Polyester-White-6-Per-Case-Price-Per-Each_p_19966.html
WASU-Q,WASU-Q,product,19967,19967,Kartri Waffle Supreme Decorative Top Sheet With Square Corners Queen 90x95 100% Polyester White 6 Per Case Price Per Each,WASU-Q,27.85,6,167.10000000000002,40.38,242.28000000000003,In Stock,https://www.ahscompany.com/Kartri-Waffle-Supreme-Decorative-Top-Sheet-With-Square-Corners-Queen-90x95-100-Polyester-White-6-Per-Case-Price-Per-Each_p_19967.html
WASU-T,WASU-T,product,19969,19969,Kartri Waffle Supreme Decorative Top Sheet With Square Corners Twin 69x90 100% Polyester White 6 Per Case Price Per Each,WASU-T,23.6,6,141.60000000000002,34.22,205.32,In Stock,https://www.ahscompany.com/Kartri-Waffle-Supreme-Decorative-Top-Sheet-With-Square-Corners-Twin-69x90-100-Polyester-White-6-Per-Case-Price-Per-Each_p_19969.html
