batch_number,cleanup_reason,review_target_spec,entity_type,entity_id,entity_name,entity_url,metafield_id,metafield_key,remote_value_state,active_publication_match_status,policy_block_reason,storefront_url,storefront_check_command
1,orphan_remote,category:5388:11204,category,5388,Hotel Towels ,/hotel-towels/,11204,internal_product_links_html,link_html,missing,,https://www.hotels4humanity.com/hotel-towels/,$html=(Invoke-WebRequest -Uri 'https://www.hotels4humanity.com/hotel-towels/' -UseBasicParsing -TimeoutSec 60).Content; [PSCustomObject]@{ContainsRouteAuthorityBlock=($html -match 'h4h-internal-links'); ContainsExpectedHeading=($html -match 'Shop Matching Products')}
1,orphan_remote,category:5389:11311,category,5389,Hotel Towels,/hotel-towels-1/,11311,internal_category_links_html,link_html,missing,,https://www.hotels4humanity.com/hotel-towels-1/,$html=(Invoke-WebRequest -Uri 'https://www.hotels4humanity.com/hotel-towels-1/' -UseBasicParsing -TimeoutSec 60).Content; [PSCustomObject]@{ContainsRouteAuthorityBlock=($html -match 'h4h-internal-links'); ContainsExpectedHeading=($html -match 'Related Categories')}
1,orphan_remote,category:5389:11312,category,5389,Hotel Towels,/hotel-towels-1/,11312,internal_product_links_html,link_html,missing,,https://www.hotels4humanity.com/hotel-towels-1/,$html=(Invoke-WebRequest -Uri 'https://www.hotels4humanity.com/hotel-towels-1/' -UseBasicParsing -TimeoutSec 60).Content; [PSCustomObject]@{ContainsRouteAuthorityBlock=($html -match 'h4h-internal-links'); ContainsExpectedHeading=($html -match 'Shop Matching Products')}
1,orphan_remote,category:5390:11310,category,5390,Pool Towels & Beach Towels,/pool-towels-beach-towels/,11310,internal_category_links_html,link_html,missing,,https://www.hotels4humanity.com/pool-towels-beach-towels/,$html=(Invoke-WebRequest -Uri 'https://www.hotels4humanity.com/pool-towels-beach-towels/' -UseBasicParsing -TimeoutSec 60).Content; [PSCustomObject]@{ContainsRouteAuthorityBlock=($html -match 'h4h-internal-links'); ContainsExpectedHeading=($html -match 'Related Categories')}
1,orphan_remote,category:5390:11274,category,5390,Pool Towels & Beach Towels,/pool-towels-beach-towels/,11274,internal_product_links_html,link_html,missing,,https://www.hotels4humanity.com/pool-towels-beach-towels/,$html=(Invoke-WebRequest -Uri 'https://www.hotels4humanity.com/pool-towels-beach-towels/' -UseBasicParsing -TimeoutSec 60).Content; [PSCustomObject]@{ContainsRouteAuthorityBlock=($html -match 'h4h-internal-links'); ContainsExpectedHeading=($html -match 'Shop Matching Products')}
1,orphan_remote,category:5391:11272,category,5391,Martex Towels,/martex-towels-1/,11272,internal_category_links_html,link_html,missing,,https://www.hotels4humanity.com/martex-towels-1/,$html=(Invoke-WebRequest -Uri 'https://www.hotels4humanity.com/martex-towels-1/' -UseBasicParsing -TimeoutSec 60).Content; [PSCustomObject]@{ContainsRouteAuthorityBlock=($html -match 'h4h-internal-links'); ContainsExpectedHeading=($html -match 'Related Categories')}
1,orphan_remote,category:5391:11273,category,5391,Martex Towels,/martex-towels-1/,11273,internal_product_links_html,link_html,missing,,https://www.hotels4humanity.com/martex-towels-1/,$html=(Invoke-WebRequest -Uri 'https://www.hotels4humanity.com/martex-towels-1/' -UseBasicParsing -TimeoutSec 60).Content; [PSCustomObject]@{ContainsRouteAuthorityBlock=($html -match 'h4h-internal-links'); ContainsExpectedHeading=($html -match 'Shop Matching Products')}
1,orphan_remote,category:5392:11201,category,5392,Martex Pool Towels,/martex-pool-towels/,11201,internal_category_links_html,link_html,missing,,https://www.hotels4humanity.com/martex-pool-towels/,$html=(Invoke-WebRequest -Uri 'https://www.hotels4humanity.com/martex-pool-towels/' -UseBasicParsing -TimeoutSec 60).Content; [PSCustomObject]@{ContainsRouteAuthorityBlock=($html -match 'h4h-internal-links'); ContainsExpectedHeading=($html -match 'Related Categories')}
1,orphan_remote,category:5392:11202,category,5392,Martex Pool Towels,/martex-pool-towels/,11202,internal_product_links_html,link_html,missing,,https://www.hotels4humanity.com/martex-pool-towels/,$html=(Invoke-WebRequest -Uri 'https://www.hotels4humanity.com/martex-pool-towels/' -UseBasicParsing -TimeoutSec 60).Content; [PSCustomObject]@{ContainsRouteAuthorityBlock=($html -match 'h4h-internal-links'); ContainsExpectedHeading=($html -match 'Shop Matching Products')}
1,orphan_remote,category:5393:11199,category,5393,Cabana Pool Towels,/cabana-pool-towels/,11199,internal_category_links_html,link_html,missing,,https://www.hotels4humanity.com/cabana-pool-towels/,$html=(Invoke-WebRequest -Uri 'https://www.hotels4humanity.com/cabana-pool-towels/' -UseBasicParsing -TimeoutSec 60).Content; [PSCustomObject]@{ContainsRouteAuthorityBlock=($html -match 'h4h-internal-links'); ContainsExpectedHeading=($html -match 'Related Categories')}
1,orphan_remote,category:5393:11200,category,5393,Cabana Pool Towels,/cabana-pool-towels/,11200,internal_product_links_html,link_html,missing,,https://www.hotels4humanity.com/cabana-pool-towels/,$html=(Invoke-WebRequest -Uri 'https://www.hotels4humanity.com/cabana-pool-towels/' -UseBasicParsing -TimeoutSec 60).Content; [PSCustomObject]@{ContainsRouteAuthorityBlock=($html -match 'h4h-internal-links'); ContainsExpectedHeading=($html -match 'Shop Matching Products')}
1,orphan_remote,category:5401:11333,category,5401,Hotel Pillow,/hotel-pillow/,11333,internal_category_links_html,link_html,missing,,https://www.hotels4humanity.com/hotel-pillow/,$html=(Invoke-WebRequest -Uri 'https://www.hotels4humanity.com/hotel-pillow/' -UseBasicParsing -TimeoutSec 60).Content; [PSCustomObject]@{ContainsRouteAuthorityBlock=($html -match 'h4h-internal-links'); ContainsExpectedHeading=($html -match 'Related Categories')}
1,orphan_remote,category:5417:11332,category,5417,Pillow Cases,/pillow-cases/,11332,internal_category_links_html,link_html,missing,,https://www.hotels4humanity.com/pillow-cases/,$html=(Invoke-WebRequest -Uri 'https://www.hotels4humanity.com/pillow-cases/' -UseBasicParsing -TimeoutSec 60).Content; [PSCustomObject]@{ContainsRouteAuthorityBlock=($html -match 'h4h-internal-links'); ContainsExpectedHeading=($html -match 'Related Categories')}
1,orphan_remote,category:5421:11331,category,5421,Bed Bug Mattress Covers,/bed-bug-mattress-covers,11331,internal_category_links_html,link_html,missing,,https://www.hotels4humanity.com/bed-bug-mattress-covers,$html=(Invoke-WebRequest -Uri 'https://www.hotels4humanity.com/bed-bug-mattress-covers' -UseBasicParsing -TimeoutSec 60).Content; [PSCustomObject]@{ContainsRouteAuthorityBlock=($html -match 'h4h-internal-links'); ContainsExpectedHeading=($html -match 'Related Categories')}
1,orphan_remote,category:5426:11197,category,5426,Bath & Spa Towels,/bath-spa-towels/,11197,internal_category_links_html,link_html,missing,,https://www.hotels4humanity.com/bath-spa-towels/,$html=(Invoke-WebRequest -Uri 'https://www.hotels4humanity.com/bath-spa-towels/' -UseBasicParsing -TimeoutSec 60).Content; [PSCustomObject]@{ContainsRouteAuthorityBlock=($html -match 'h4h-internal-links'); ContainsExpectedHeading=($html -match 'Related Categories')}
1,orphan_remote,category:5426:11198,category,5426,Bath & Spa Towels,/bath-spa-towels/,11198,internal_product_links_html,link_html,missing,,https://www.hotels4humanity.com/bath-spa-towels/,$html=(Invoke-WebRequest -Uri 'https://www.hotels4humanity.com/bath-spa-towels/' -UseBasicParsing -TimeoutSec 60).Content; [PSCustomObject]@{ContainsRouteAuthorityBlock=($html -match 'h4h-internal-links'); ContainsExpectedHeading=($html -match 'Shop Matching Products')}
1,orphan_remote,category:5427:11195,category,5427,Martex Bath Towels,/martex-bath-towels/,11195,internal_category_links_html,link_html,missing,,https://www.hotels4humanity.com/martex-bath-towels/,$html=(Invoke-WebRequest -Uri 'https://www.hotels4humanity.com/martex-bath-towels/' -UseBasicParsing -TimeoutSec 60).Content; [PSCustomObject]@{ContainsRouteAuthorityBlock=($html -match 'h4h-internal-links'); ContainsExpectedHeading=($html -match 'Related Categories')}
1,orphan_remote,category:5427:11196,category,5427,Martex Bath Towels,/martex-bath-towels/,11196,internal_product_links_html,link_html,missing,,https://www.hotels4humanity.com/martex-bath-towels/,$html=(Invoke-WebRequest -Uri 'https://www.hotels4humanity.com/martex-bath-towels/' -UseBasicParsing -TimeoutSec 60).Content; [PSCustomObject]@{ContainsRouteAuthorityBlock=($html -match 'h4h-internal-links'); ContainsExpectedHeading=($html -match 'Shop Matching Products')}
1,orphan_remote,category:5428:11193,category,5428,Tropical Stripe Pool Towels,/tropical-stripe-pool-towels/,11193,internal_category_links_html,link_html,missing,,https://www.hotels4humanity.com/tropical-stripe-pool-towels/,$html=(Invoke-WebRequest -Uri 'https://www.hotels4humanity.com/tropical-stripe-pool-towels/' -UseBasicParsing -TimeoutSec 60).Content; [PSCustomObject]@{ContainsRouteAuthorityBlock=($html -match 'h4h-internal-links'); ContainsExpectedHeading=($html -match 'Related Categories')}
1,orphan_remote,category:5428:11194,category,5428,Tropical Stripe Pool Towels,/tropical-stripe-pool-towels/,11194,internal_product_links_html,link_html,missing,,https://www.hotels4humanity.com/tropical-stripe-pool-towels/,$html=(Invoke-WebRequest -Uri 'https://www.hotels4humanity.com/tropical-stripe-pool-towels/' -UseBasicParsing -TimeoutSec 60).Content; [PSCustomObject]@{ContainsRouteAuthorityBlock=($html -match 'h4h-internal-links'); ContainsExpectedHeading=($html -match 'Shop Matching Products')}
1,orphan_remote,category:5429:11309,category,5429,1888 Mills Towels,/1888-mills-towels/,11309,internal_category_links_html,link_html,missing,,https://www.hotels4humanity.com/1888-mills-towels/,$html=(Invoke-WebRequest -Uri 'https://www.hotels4humanity.com/1888-mills-towels/' -UseBasicParsing -TimeoutSec 60).Content; [PSCustomObject]@{ContainsRouteAuthorityBlock=($html -match 'h4h-internal-links'); ContainsExpectedHeading=($html -match 'Related Categories')}
1,orphan_remote,category:5429:11192,category,5429,1888 Mills Towels,/1888-mills-towels/,11192,internal_product_links_html,link_html,missing,,https://www.hotels4humanity.com/1888-mills-towels/,$html=(Invoke-WebRequest -Uri 'https://www.hotels4humanity.com/1888-mills-towels/' -UseBasicParsing -TimeoutSec 60).Content; [PSCustomObject]@{ContainsRouteAuthorityBlock=($html -match 'h4h-internal-links'); ContainsExpectedHeading=($html -match 'Shop Matching Products')}
1,orphan_remote,category:5430:11270,category,5430,Organic Towels,/organic-towels/,11270,internal_category_links_html,link_html,missing,,https://www.hotels4humanity.com/organic-towels/,$html=(Invoke-WebRequest -Uri 'https://www.hotels4humanity.com/organic-towels/' -UseBasicParsing -TimeoutSec 60).Content; [PSCustomObject]@{ContainsRouteAuthorityBlock=($html -match 'h4h-internal-links'); ContainsExpectedHeading=($html -match 'Related Categories')}
1,orphan_remote,category:5430:11271,category,5430,Organic Towels,/organic-towels/,11271,internal_product_links_html,link_html,missing,,https://www.hotels4humanity.com/organic-towels/,$html=(Invoke-WebRequest -Uri 'https://www.hotels4humanity.com/organic-towels/' -UseBasicParsing -TimeoutSec 60).Content; [PSCustomObject]@{ContainsRouteAuthorityBlock=($html -match 'h4h-internal-links'); ContainsExpectedHeading=($html -match 'Shop Matching Products')}
1,orphan_remote,category:5431:11307,category,5431,Best Commercial Bath Towels,/best-commercial-bath-towels/,11307,internal_category_links_html,link_html,missing,,https://www.hotels4humanity.com/best-commercial-bath-towels/,$html=(Invoke-WebRequest -Uri 'https://www.hotels4humanity.com/best-commercial-bath-towels/' -UseBasicParsing -TimeoutSec 60).Content; [PSCustomObject]@{ContainsRouteAuthorityBlock=($html -match 'h4h-internal-links'); ContainsExpectedHeading=($html -match 'Related Categories')}
1,orphan_remote,category:5431:11308,category,5431,Best Commercial Bath Towels,/best-commercial-bath-towels/,11308,internal_product_links_html,link_html,missing,,https://www.hotels4humanity.com/best-commercial-bath-towels/,$html=(Invoke-WebRequest -Uri 'https://www.hotels4humanity.com/best-commercial-bath-towels/' -UseBasicParsing -TimeoutSec 60).Content; [PSCustomObject]@{ContainsRouteAuthorityBlock=($html -match 'h4h-internal-links'); ContainsExpectedHeading=($html -match 'Shop Matching Products')}
1,orphan_remote,category:5434:11269,category,5434,1888 Mills Pool Towels in Bulk,/1888-mills-pool-towels-in-bulk/,11269,internal_category_links_html,link_html,missing,,https://www.hotels4humanity.com/1888-mills-pool-towels-in-bulk/,$html=(Invoke-WebRequest -Uri 'https://www.hotels4humanity.com/1888-mills-pool-towels-in-bulk/' -UseBasicParsing -TimeoutSec 60).Content; [PSCustomObject]@{ContainsRouteAuthorityBlock=($html -match 'h4h-internal-links'); ContainsExpectedHeading=($html -match 'Related Categories')}
1,orphan_remote,category:5434:11191,category,5434,1888 Mills Pool Towels in Bulk,/1888-mills-pool-towels-in-bulk/,11191,internal_product_links_html,link_html,missing,,https://www.hotels4humanity.com/1888-mills-pool-towels-in-bulk/,$html=(Invoke-WebRequest -Uri 'https://www.hotels4humanity.com/1888-mills-pool-towels-in-bulk/' -UseBasicParsing -TimeoutSec 60).Content; [PSCustomObject]@{ContainsRouteAuthorityBlock=($html -match 'h4h-internal-links'); ContainsExpectedHeading=($html -match 'Shop Matching Products')}
1,orphan_remote,category:5435:11306,category,5435,Borderless Towel,/borderless-towel/,11306,internal_category_links_html,link_html,missing,,https://www.hotels4humanity.com/borderless-towel/,$html=(Invoke-WebRequest -Uri 'https://www.hotels4humanity.com/borderless-towel/' -UseBasicParsing -TimeoutSec 60).Content; [PSCustomObject]@{ContainsRouteAuthorityBlock=($html -match 'h4h-internal-links'); ContainsExpectedHeading=($html -match 'Related Categories')}
1,orphan_remote,category:5435:11190,category,5435,Borderless Towel,/borderless-towel/,11190,internal_product_links_html,link_html,missing,,https://www.hotels4humanity.com/borderless-towel/,$html=(Invoke-WebRequest -Uri 'https://www.hotels4humanity.com/borderless-towel/' -UseBasicParsing -TimeoutSec 60).Content; [PSCustomObject]@{ContainsRouteAuthorityBlock=($html -match 'h4h-internal-links'); ContainsExpectedHeading=($html -match 'Shop Matching Products')}
1,orphan_remote,category:5436:11268,category,5436,Gym Towels,/gym-towels/,11268,internal_category_links_html,link_html,missing,,https://www.hotels4humanity.com/gym-towels/,$html=(Invoke-WebRequest -Uri 'https://www.hotels4humanity.com/gym-towels/' -UseBasicParsing -TimeoutSec 60).Content; [PSCustomObject]@{ContainsRouteAuthorityBlock=($html -match 'h4h-internal-links'); ContainsExpectedHeading=($html -match 'Related Categories')}
1,orphan_remote,category:5436:11189,category,5436,Gym Towels,/gym-towels/,11189,internal_product_links_html,link_html,missing,,https://www.hotels4humanity.com/gym-towels/,$html=(Invoke-WebRequest -Uri 'https://www.hotels4humanity.com/gym-towels/' -UseBasicParsing -TimeoutSec 60).Content; [PSCustomObject]@{ContainsRouteAuthorityBlock=($html -match 'h4h-internal-links'); ContainsExpectedHeading=($html -match 'Shop Matching Products')}
1,orphan_remote,category:5438:11305,category,5438,1888 Mills Specialty Towels,/1888-mills-specialty-towels/,11305,internal_category_links_html,link_html,missing,,https://www.hotels4humanity.com/1888-mills-specialty-towels/,$html=(Invoke-WebRequest -Uri 'https://www.hotels4humanity.com/1888-mills-specialty-towels/' -UseBasicParsing -TimeoutSec 60).Content; [PSCustomObject]@{ContainsRouteAuthorityBlock=($html -match 'h4h-internal-links'); ContainsExpectedHeading=($html -match 'Related Categories')}
1,orphan_remote,category:5438:11188,category,5438,1888 Mills Specialty Towels,/1888-mills-specialty-towels/,11188,internal_product_links_html,link_html,missing,,https://www.hotels4humanity.com/1888-mills-specialty-towels/,$html=(Invoke-WebRequest -Uri 'https://www.hotels4humanity.com/1888-mills-specialty-towels/' -UseBasicParsing -TimeoutSec 60).Content; [PSCustomObject]@{ContainsRouteAuthorityBlock=($html -match 'h4h-internal-links'); ContainsExpectedHeading=($html -match 'Shop Matching Products')}
1,orphan_remote,category:5440:11304,category,5440,Spa Hotel Bath Robes,/spa-hotel-bath-robes/,11304,internal_category_links_html,link_html,missing,,https://www.hotels4humanity.com/spa-hotel-bath-robes/,$html=(Invoke-WebRequest -Uri 'https://www.hotels4humanity.com/spa-hotel-bath-robes/' -UseBasicParsing -TimeoutSec 60).Content; [PSCustomObject]@{ContainsRouteAuthorityBlock=($html -match 'h4h-internal-links'); ContainsExpectedHeading=($html -match 'Related Categories')}
1,orphan_remote,category:5440:11187,category,5440,Spa Hotel Bath Robes,/spa-hotel-bath-robes/,11187,internal_product_links_html,link_html,missing,,https://www.hotels4humanity.com/spa-hotel-bath-robes/,$html=(Invoke-WebRequest -Uri 'https://www.hotels4humanity.com/spa-hotel-bath-robes/' -UseBasicParsing -TimeoutSec 60).Content; [PSCustomObject]@{ContainsRouteAuthorityBlock=($html -match 'h4h-internal-links'); ContainsExpectedHeading=($html -match 'Shop Matching Products')}
1,orphan_remote,category:5446:11303,category,5446,Hotel Shower Curtains,/hotel-shower-curtains/,11303,internal_category_links_html,link_html,missing,,https://www.hotels4humanity.com/hotel-shower-curtains/,$html=(Invoke-WebRequest -Uri 'https://www.hotels4humanity.com/hotel-shower-curtains/' -UseBasicParsing -TimeoutSec 60).Content; [PSCustomObject]@{ContainsRouteAuthorityBlock=($html -match 'h4h-internal-links'); ContainsExpectedHeading=($html -match 'Related Categories')}
1,orphan_remote,category:5446:11250,category,5446,Hotel Shower Curtains,/hotel-shower-curtains/,11250,internal_product_links_html,link_html,missing,,https://www.hotels4humanity.com/hotel-shower-curtains/,$html=(Invoke-WebRequest -Uri 'https://www.hotels4humanity.com/hotel-shower-curtains/' -UseBasicParsing -TimeoutSec 60).Content; [PSCustomObject]@{ContainsRouteAuthorityBlock=($html -match 'h4h-internal-links'); ContainsExpectedHeading=($html -match 'Shop Matching Products')}
1,orphan_remote,category:5447:11267,category,5447,Vinyl Curtains,/vinyl-curtains/,11267,internal_category_links_html,link_html,missing,,https://www.hotels4humanity.com/vinyl-curtains/,$html=(Invoke-WebRequest -Uri 'https://www.hotels4humanity.com/vinyl-curtains/' -UseBasicParsing -TimeoutSec 60).Content; [PSCustomObject]@{ContainsRouteAuthorityBlock=($html -match 'h4h-internal-links'); ContainsExpectedHeading=($html -match 'Related Categories')}
1,orphan_remote,category:5447:11302,category,5447,Vinyl Curtains,/vinyl-curtains/,11302,internal_product_links_html,link_html,missing,,https://www.hotels4humanity.com/vinyl-curtains/,$html=(Invoke-WebRequest -Uri 'https://www.hotels4humanity.com/vinyl-curtains/' -UseBasicParsing -TimeoutSec 60).Content; [PSCustomObject]@{ContainsRouteAuthorityBlock=($html -match 'h4h-internal-links'); ContainsExpectedHeading=($html -match 'Shop Matching Products')}
1,orphan_remote,category:5450:11251,category,5450,Fabric Curtains,/fabric-curtains/,11251,internal_product_links_html,link_html,missing,,https://www.hotels4humanity.com/fabric-curtains/,$html=(Invoke-WebRequest -Uri 'https://www.hotels4humanity.com/fabric-curtains/' -UseBasicParsing -TimeoutSec 60).Content; [PSCustomObject]@{ContainsRouteAuthorityBlock=($html -match 'h4h-internal-links'); ContainsExpectedHeading=($html -match 'Shop Matching Products')}
1,orphan_remote,category:5451:11300,category,5451,Hookless Shower Curtains,/hookless-shower-curtains/,11300,internal_category_links_html,link_html,missing,,https://www.hotels4humanity.com/hookless-shower-curtains/,$html=(Invoke-WebRequest -Uri 'https://www.hotels4humanity.com/hookless-shower-curtains/' -UseBasicParsing -TimeoutSec 60).Content; [PSCustomObject]@{ContainsRouteAuthorityBlock=($html -match 'h4h-internal-links'); ContainsExpectedHeading=($html -match 'Related Categories')}
1,orphan_remote,category:5451:11249,category,5451,Hookless Shower Curtains,/hookless-shower-curtains/,11249,internal_product_links_html,link_html,missing,,https://www.hotels4humanity.com/hookless-shower-curtains/,$html=(Invoke-WebRequest -Uri 'https://www.hotels4humanity.com/hookless-shower-curtains/' -UseBasicParsing -TimeoutSec 60).Content; [PSCustomObject]@{ContainsRouteAuthorityBlock=($html -match 'h4h-internal-links'); ContainsExpectedHeading=($html -match 'Shop Matching Products')}
1,orphan_remote,category:5452:11248,category,5452,Shower Hook Replacements,/shower-hook-replacements/,11248,internal_product_links_html,link_html,missing,,https://www.hotels4humanity.com/shower-hook-replacements/,$html=(Invoke-WebRequest -Uri 'https://www.hotels4humanity.com/shower-hook-replacements/' -UseBasicParsing -TimeoutSec 60).Content; [PSCustomObject]@{ContainsRouteAuthorityBlock=($html -match 'h4h-internal-links'); ContainsExpectedHeading=($html -match 'Shop Matching Products')}
1,orphan_remote,category:5456:11186,category,5456,Washcloths,/washcloths/,11186,internal_product_links_html,link_html,missing,,https://www.hotels4humanity.com/washcloths/,$html=(Invoke-WebRequest -Uri 'https://www.hotels4humanity.com/washcloths/' -UseBasicParsing -TimeoutSec 60).Content; [PSCustomObject]@{ContainsRouteAuthorityBlock=($html -match 'h4h-internal-links'); ContainsExpectedHeading=($html -match 'Shop Matching Products')}
1,orphan_remote,category:5459:11184,category,5459,Spa Towels,/spa-towels/,11184,internal_category_links_html,link_html,missing,,https://www.hotels4humanity.com/spa-towels/,$html=(Invoke-WebRequest -Uri 'https://www.hotels4humanity.com/spa-towels/' -UseBasicParsing -TimeoutSec 60).Content; [PSCustomObject]@{ContainsRouteAuthorityBlock=($html -match 'h4h-internal-links'); ContainsExpectedHeading=($html -match 'Related Categories')}
1,orphan_remote,category:5459:11185,category,5459,Spa Towels,/spa-towels/,11185,internal_product_links_html,link_html,missing,,https://www.hotels4humanity.com/spa-towels/,$html=(Invoke-WebRequest -Uri 'https://www.hotels4humanity.com/spa-towels/' -UseBasicParsing -TimeoutSec 60).Content; [PSCustomObject]@{ContainsRouteAuthorityBlock=($html -match 'h4h-internal-links'); ContainsExpectedHeading=($html -match 'Shop Matching Products')}
1,orphan_remote,category:5460:11182,category,5460,Hand Towel,/hand-towel/,11182,internal_category_links_html,link_html,missing,,https://www.hotels4humanity.com/hand-towel/,$html=(Invoke-WebRequest -Uri 'https://www.hotels4humanity.com/hand-towel/' -UseBasicParsing -TimeoutSec 60).Content; [PSCustomObject]@{ContainsRouteAuthorityBlock=($html -match 'h4h-internal-links'); ContainsExpectedHeading=($html -match 'Related Categories')}
1,orphan_remote,category:5460:11183,category,5460,Hand Towel,/hand-towel/,11183,internal_product_links_html,link_html,missing,,https://www.hotels4humanity.com/hand-towel/,$html=(Invoke-WebRequest -Uri 'https://www.hotels4humanity.com/hand-towel/' -UseBasicParsing -TimeoutSec 60).Content; [PSCustomObject]@{ContainsRouteAuthorityBlock=($html -match 'h4h-internal-links'); ContainsExpectedHeading=($html -match 'Shop Matching Products')}
1,orphan_remote,category:5466:11297,category,5466,Housekeeping & Janitorial,/housekeeping-janitorial/,11297,internal_category_links_html,link_html,missing,,https://www.hotels4humanity.com/housekeeping-janitorial/,$html=(Invoke-WebRequest -Uri 'https://www.hotels4humanity.com/housekeeping-janitorial/' -UseBasicParsing -TimeoutSec 60).Content; [PSCustomObject]@{ContainsRouteAuthorityBlock=($html -match 'h4h-internal-links'); ContainsExpectedHeading=($html -match 'Related Categories')}
2,orphan_remote,category:5466:11298,category,5466,Housekeeping & Janitorial,/housekeeping-janitorial/,11298,internal_product_links_html,link_html,missing,,https://www.hotels4humanity.com/housekeeping-janitorial/,$html=(Invoke-WebRequest -Uri 'https://www.hotels4humanity.com/housekeeping-janitorial/' -UseBasicParsing -TimeoutSec 60).Content; [PSCustomObject]@{ContainsRouteAuthorityBlock=($html -match 'h4h-internal-links'); ContainsExpectedHeading=($html -match 'Shop Matching Products')}
2,orphan_remote,category:5467:11295,category,5467,Housekeeping Carts,/housekeeping-carts/,11295,internal_category_links_html,link_html,missing,,https://www.hotels4humanity.com/housekeeping-carts/,$html=(Invoke-WebRequest -Uri 'https://www.hotels4humanity.com/housekeeping-carts/' -UseBasicParsing -TimeoutSec 60).Content; [PSCustomObject]@{ContainsRouteAuthorityBlock=($html -match 'h4h-internal-links'); ContainsExpectedHeading=($html -match 'Related Categories')}
2,orphan_remote,category:5467:11296,category,5467,Housekeeping Carts,/housekeeping-carts/,11296,internal_product_links_html,link_html,missing,,https://www.hotels4humanity.com/housekeeping-carts/,$html=(Invoke-WebRequest -Uri 'https://www.hotels4humanity.com/housekeeping-carts/' -UseBasicParsing -TimeoutSec 60).Content; [PSCustomObject]@{ContainsRouteAuthorityBlock=($html -match 'h4h-internal-links'); ContainsExpectedHeading=($html -match 'Shop Matching Products')}
2,orphan_remote,category:5468:11266,category,5468,Hotel Luggage Racks,/hotel-luggage-racks/,11266,internal_category_links_html,link_html,missing,,https://www.hotels4humanity.com/hotel-luggage-racks/,$html=(Invoke-WebRequest -Uri 'https://www.hotels4humanity.com/hotel-luggage-racks/' -UseBasicParsing -TimeoutSec 60).Content; [PSCustomObject]@{ContainsRouteAuthorityBlock=($html -match 'h4h-internal-links'); ContainsExpectedHeading=($html -match 'Related Categories')}
2,orphan_remote,category:5468:11294,category,5468,Hotel Luggage Racks,/hotel-luggage-racks/,11294,internal_product_links_html,link_html,missing,,https://www.hotels4humanity.com/hotel-luggage-racks/,$html=(Invoke-WebRequest -Uri 'https://www.hotels4humanity.com/hotel-luggage-racks/' -UseBasicParsing -TimeoutSec 60).Content; [PSCustomObject]@{ContainsRouteAuthorityBlock=($html -match 'h4h-internal-links'); ContainsExpectedHeading=($html -match 'Shop Matching Products')}
2,orphan_remote,category:5469:11264,category,5469,hotel luggage carts,/hotel-luggage-carts/,11264,internal_category_links_html,link_html,missing,,https://www.hotels4humanity.com/hotel-luggage-carts/,$html=(Invoke-WebRequest -Uri 'https://www.hotels4humanity.com/hotel-luggage-carts/' -UseBasicParsing -TimeoutSec 60).Content; [PSCustomObject]@{ContainsRouteAuthorityBlock=($html -match 'h4h-internal-links'); ContainsExpectedHeading=($html -match 'Related Categories')}
2,orphan_remote,category:5469:11265,category,5469,hotel luggage carts,/hotel-luggage-carts/,11265,internal_product_links_html,link_html,missing,,https://www.hotels4humanity.com/hotel-luggage-carts/,$html=(Invoke-WebRequest -Uri 'https://www.hotels4humanity.com/hotel-luggage-carts/' -UseBasicParsing -TimeoutSec 60).Content; [PSCustomObject]@{ContainsRouteAuthorityBlock=($html -match 'h4h-internal-links'); ContainsExpectedHeading=($html -match 'Shop Matching Products')}
2,orphan_remote,category:5473:11262,category,5473,Microfiber Bed Sheets,/microfiber-bed-sheets/,11262,internal_category_links_html,link_html,missing,,https://www.hotels4humanity.com/microfiber-bed-sheets/,$html=(Invoke-WebRequest -Uri 'https://www.hotels4humanity.com/microfiber-bed-sheets/' -UseBasicParsing -TimeoutSec 60).Content; [PSCustomObject]@{ContainsRouteAuthorityBlock=($html -match 'h4h-internal-links'); ContainsExpectedHeading=($html -match 'Related Categories')}
2,orphan_remote,category:5473:11263,category,5473,Microfiber Bed Sheets,/microfiber-bed-sheets/,11263,internal_product_links_html,link_html,missing,,https://www.hotels4humanity.com/microfiber-bed-sheets/,$html=(Invoke-WebRequest -Uri 'https://www.hotels4humanity.com/microfiber-bed-sheets/' -UseBasicParsing -TimeoutSec 60).Content; [PSCustomObject]@{ContainsRouteAuthorityBlock=($html -match 'h4h-internal-links'); ContainsExpectedHeading=($html -match 'Shop Matching Products')}
2,orphan_remote,category:5477:11292,category,5477,Office / Lobby,/office-lobby/,11292,internal_category_links_html,link_html,missing,,https://www.hotels4humanity.com/office-lobby/,$html=(Invoke-WebRequest -Uri 'https://www.hotels4humanity.com/office-lobby/' -UseBasicParsing -TimeoutSec 60).Content; [PSCustomObject]@{ContainsRouteAuthorityBlock=($html -match 'h4h-internal-links'); ContainsExpectedHeading=($html -match 'Related Categories')}
2,orphan_remote,category:5477:11293,category,5477,Office / Lobby,/office-lobby/,11293,internal_product_links_html,link_html,missing,,https://www.hotels4humanity.com/office-lobby/,$html=(Invoke-WebRequest -Uri 'https://www.hotels4humanity.com/office-lobby/' -UseBasicParsing -TimeoutSec 60).Content; [PSCustomObject]@{ContainsRouteAuthorityBlock=($html -match 'h4h-internal-links'); ContainsExpectedHeading=($html -match 'Shop Matching Products')}
2,orphan_remote,category:5478:11261,category,5478,wooden luggage rack,/wooden-luggage-rack/,11261,internal_category_links_html,link_html,missing,,https://www.hotels4humanity.com/wooden-luggage-rack/,$html=(Invoke-WebRequest -Uri 'https://www.hotels4humanity.com/wooden-luggage-rack/' -UseBasicParsing -TimeoutSec 60).Content; [PSCustomObject]@{ContainsRouteAuthorityBlock=($html -match 'h4h-internal-links'); ContainsExpectedHeading=($html -match 'Related Categories')}
2,orphan_remote,category:5478:11291,category,5478,wooden luggage rack,/wooden-luggage-rack/,11291,internal_product_links_html,link_html,missing,,https://www.hotels4humanity.com/wooden-luggage-rack/,$html=(Invoke-WebRequest -Uri 'https://www.hotels4humanity.com/wooden-luggage-rack/' -UseBasicParsing -TimeoutSec 60).Content; [PSCustomObject]@{ContainsRouteAuthorityBlock=($html -match 'h4h-internal-links'); ContainsExpectedHeading=($html -match 'Shop Matching Products')}
2,orphan_remote,category:5479:11289,category,5479,small housekeeping carts,/small-housekeeping-carts/,11289,internal_category_links_html,link_html,missing,,https://www.hotels4humanity.com/small-housekeeping-carts/,$html=(Invoke-WebRequest -Uri 'https://www.hotels4humanity.com/small-housekeeping-carts/' -UseBasicParsing -TimeoutSec 60).Content; [PSCustomObject]@{ContainsRouteAuthorityBlock=($html -match 'h4h-internal-links'); ContainsExpectedHeading=($html -match 'Related Categories')}
2,orphan_remote,category:5479:11290,category,5479,small housekeeping carts,/small-housekeeping-carts/,11290,internal_product_links_html,link_html,missing,,https://www.hotels4humanity.com/small-housekeeping-carts/,$html=(Invoke-WebRequest -Uri 'https://www.hotels4humanity.com/small-housekeeping-carts/' -UseBasicParsing -TimeoutSec 60).Content; [PSCustomObject]@{ContainsRouteAuthorityBlock=($html -match 'h4h-internal-links'); ContainsExpectedHeading=($html -match 'Shop Matching Products')}
2,orphan_remote,category:5480:11288,category,5480,mobile pack housekeeping cart,/mobile-pack-housekeeping-cart/,11288,internal_category_links_html,link_html,missing,,https://www.hotels4humanity.com/mobile-pack-housekeeping-cart/,$html=(Invoke-WebRequest -Uri 'https://www.hotels4humanity.com/mobile-pack-housekeeping-cart/' -UseBasicParsing -TimeoutSec 60).Content; [PSCustomObject]@{ContainsRouteAuthorityBlock=($html -match 'h4h-internal-links'); ContainsExpectedHeading=($html -match 'Related Categories')}
2,orphan_remote,category:5483:11329,category,5483,hotel bed frame,/hotel-bed-frame/,11329,internal_category_links_html,link_html,missing,,https://www.hotels4humanity.com/hotel-bed-frame/,$html=(Invoke-WebRequest -Uri 'https://www.hotels4humanity.com/hotel-bed-frame/' -UseBasicParsing -TimeoutSec 60).Content; [PSCustomObject]@{ContainsRouteAuthorityBlock=($html -match 'h4h-internal-links'); ContainsExpectedHeading=($html -match 'Related Categories')}
2,orphan_remote,category:5484:11286,category,5484,Metal Luggage Racks,/metal-luggage-racks/,11286,internal_category_links_html,link_html,missing,,https://www.hotels4humanity.com/metal-luggage-racks/,$html=(Invoke-WebRequest -Uri 'https://www.hotels4humanity.com/metal-luggage-racks/' -UseBasicParsing -TimeoutSec 60).Content; [PSCustomObject]@{ContainsRouteAuthorityBlock=($html -match 'h4h-internal-links'); ContainsExpectedHeading=($html -match 'Related Categories')}
2,orphan_remote,category:5484:11287,category,5484,Metal Luggage Racks,/metal-luggage-racks/,11287,internal_product_links_html,link_html,missing,,https://www.hotels4humanity.com/metal-luggage-racks/,$html=(Invoke-WebRequest -Uri 'https://www.hotels4humanity.com/metal-luggage-racks/' -UseBasicParsing -TimeoutSec 60).Content; [PSCustomObject]@{ContainsRouteAuthorityBlock=($html -match 'h4h-internal-links'); ContainsExpectedHeading=($html -match 'Shop Matching Products')}
2,orphan_remote,category:5485:11260,category,5485,Semi-Fitted Sheets,/semi-fitted-sheets/,11260,internal_product_links_html,link_html,missing,,https://www.hotels4humanity.com/semi-fitted-sheets/,$html=(Invoke-WebRequest -Uri 'https://www.hotels4humanity.com/semi-fitted-sheets/' -UseBasicParsing -TimeoutSec 60).Content; [PSCustomObject]@{ContainsRouteAuthorityBlock=($html -match 'h4h-internal-links'); ContainsExpectedHeading=($html -match 'Shop Matching Products')}
2,orphan_remote,category:5486:11284,category,5486,Laminated Curtains,/laminated-curtains/,11284,internal_category_links_html,link_html,missing,,https://www.hotels4humanity.com/laminated-curtains/,$html=(Invoke-WebRequest -Uri 'https://www.hotels4humanity.com/laminated-curtains/' -UseBasicParsing -TimeoutSec 60).Content; [PSCustomObject]@{ContainsRouteAuthorityBlock=($html -match 'h4h-internal-links'); ContainsExpectedHeading=($html -match 'Related Categories')}
2,orphan_remote,category:5486:11285,category,5486,Laminated Curtains,/laminated-curtains/,11285,internal_product_links_html,link_html,missing,,https://www.hotels4humanity.com/laminated-curtains/,$html=(Invoke-WebRequest -Uri 'https://www.hotels4humanity.com/laminated-curtains/' -UseBasicParsing -TimeoutSec 60).Content; [PSCustomObject]@{ContainsRouteAuthorityBlock=($html -match 'h4h-internal-links'); ContainsExpectedHeading=($html -match 'Shop Matching Products')}
2,orphan_remote,category:5489:11180,category,5489,Best Luxury Bath Towels 2019,/best-luxury-bath-towels-2019/,11180,internal_category_links_html,link_html,missing,,https://www.hotels4humanity.com/best-luxury-bath-towels-2019/,$html=(Invoke-WebRequest -Uri 'https://www.hotels4humanity.com/best-luxury-bath-towels-2019/' -UseBasicParsing -TimeoutSec 60).Content; [PSCustomObject]@{ContainsRouteAuthorityBlock=($html -match 'h4h-internal-links'); ContainsExpectedHeading=($html -match 'Related Categories')}
2,orphan_remote,category:5489:11181,category,5489,Best Luxury Bath Towels 2019,/best-luxury-bath-towels-2019/,11181,internal_product_links_html,link_html,missing,,https://www.hotels4humanity.com/best-luxury-bath-towels-2019/,$html=(Invoke-WebRequest -Uri 'https://www.hotels4humanity.com/best-luxury-bath-towels-2019/' -UseBasicParsing -TimeoutSec 60).Content; [PSCustomObject]@{ContainsRouteAuthorityBlock=($html -match 'h4h-internal-links'); ContainsExpectedHeading=($html -match 'Shop Matching Products')}
2,orphan_remote,category:5491:11178,category,5491,Cover Towels,/cover-towels/,11178,internal_category_links_html,link_html,missing,,https://www.hotels4humanity.com/cover-towels/,$html=(Invoke-WebRequest -Uri 'https://www.hotels4humanity.com/cover-towels/' -UseBasicParsing -TimeoutSec 60).Content; [PSCustomObject]@{ContainsRouteAuthorityBlock=($html -match 'h4h-internal-links'); ContainsExpectedHeading=($html -match 'Related Categories')}
2,orphan_remote,category:5491:11179,category,5491,Cover Towels,/cover-towels/,11179,internal_product_links_html,link_html,missing,,https://www.hotels4humanity.com/cover-towels/,$html=(Invoke-WebRequest -Uri 'https://www.hotels4humanity.com/cover-towels/' -UseBasicParsing -TimeoutSec 60).Content; [PSCustomObject]@{ContainsRouteAuthorityBlock=($html -match 'h4h-internal-links'); ContainsExpectedHeading=($html -match 'Shop Matching Products')}
2,orphan_remote,category:5492:11282,category,5492,Cart Replacement Wheels,/cart-replacement-wheels/,11282,internal_category_links_html,link_html,missing,,https://www.hotels4humanity.com/cart-replacement-wheels/,$html=(Invoke-WebRequest -Uri 'https://www.hotels4humanity.com/cart-replacement-wheels/' -UseBasicParsing -TimeoutSec 60).Content; [PSCustomObject]@{ContainsRouteAuthorityBlock=($html -match 'h4h-internal-links'); ContainsExpectedHeading=($html -match 'Related Categories')}
2,orphan_remote,category:5492:11283,category,5492,Cart Replacement Wheels,/cart-replacement-wheels/,11283,internal_product_links_html,link_html,missing,,https://www.hotels4humanity.com/cart-replacement-wheels/,$html=(Invoke-WebRequest -Uri 'https://www.hotels4humanity.com/cart-replacement-wheels/' -UseBasicParsing -TimeoutSec 60).Content; [PSCustomObject]@{ContainsRouteAuthorityBlock=($html -match 'h4h-internal-links'); ContainsExpectedHeading=($html -match 'Shop Matching Products')}
2,orphan_remote,category:5511:11259,category,5511,Hotel Mattress Sets,/hotel-mattress-sets/,11259,internal_category_links_html,link_html,missing,,https://www.hotels4humanity.com/hotel-mattress-sets/,$html=(Invoke-WebRequest -Uri 'https://www.hotels4humanity.com/hotel-mattress-sets/' -UseBasicParsing -TimeoutSec 60).Content; [PSCustomObject]@{ContainsRouteAuthorityBlock=($html -match 'h4h-internal-links'); ContainsExpectedHeading=($html -match 'Related Categories')}
2,orphan_remote,category:5528:11177,category,5528,Rollaway / Portable / Foldable Beds for hotels,/rollaway-portable-foldable-beds-for-hotels/,11177,internal_product_links_html,link_html,missing,,https://www.hotels4humanity.com/rollaway-portable-foldable-beds-for-hotels/,$html=(Invoke-WebRequest -Uri 'https://www.hotels4humanity.com/rollaway-portable-foldable-beds-for-hotels/' -UseBasicParsing -TimeoutSec 60).Content; [PSCustomObject]@{ContainsRouteAuthorityBlock=($html -match 'h4h-internal-links'); ContainsExpectedHeading=($html -match 'Shop Matching Products')}
2,orphan_remote,category:5529:11175,category,5529,Downlite Hospitality Pillow,/downlite-hospitality-pillow/,11175,internal_product_links_html,link_html,missing,,https://www.hotels4humanity.com/downlite-hospitality-pillow/,$html=(Invoke-WebRequest -Uri 'https://www.hotels4humanity.com/downlite-hospitality-pillow/' -UseBasicParsing -TimeoutSec 60).Content; [PSCustomObject]@{ContainsRouteAuthorityBlock=($html -match 'h4h-internal-links'); ContainsExpectedHeading=($html -match 'Shop Matching Products')}
2,orphan_remote,category:5530:11174,category,5530,Bulk Healthcare Bed Linens & Hospital Bed Sheets,/bulk-healthcare-bed-linens-hospital-bed-sheets/,11174,internal_product_links_html,link_html,missing,,https://www.hotels4humanity.com/bulk-healthcare-bed-linens-hospital-bed-sheets/,$html=(Invoke-WebRequest -Uri 'https://www.hotels4humanity.com/bulk-healthcare-bed-linens-hospital-bed-sheets/' -UseBasicParsing -TimeoutSec 60).Content; [PSCustomObject]@{ContainsRouteAuthorityBlock=($html -match 'h4h-internal-links'); ContainsExpectedHeading=($html -match 'Shop Matching Products')}
2,orphan_remote,category:5585:11258,category,5585,hotel hair dryer,/hotel-hair-dryer/,11258,internal_category_links_html,link_html,missing,,https://www.hotels4humanity.com/hotel-hair-dryer/,$html=(Invoke-WebRequest -Uri 'https://www.hotels4humanity.com/hotel-hair-dryer/' -UseBasicParsing -TimeoutSec 60).Content; [PSCustomObject]@{ContainsRouteAuthorityBlock=($html -match 'h4h-internal-links'); ContainsExpectedHeading=($html -match 'Related Categories')}
2,orphan_remote,category:5585:11173,category,5585,hotel hair dryer,/hotel-hair-dryer/,11173,internal_product_links_html,link_html,missing,,https://www.hotels4humanity.com/hotel-hair-dryer/,$html=(Invoke-WebRequest -Uri 'https://www.hotels4humanity.com/hotel-hair-dryer/' -UseBasicParsing -TimeoutSec 60).Content; [PSCustomObject]@{ContainsRouteAuthorityBlock=($html -match 'h4h-internal-links'); ContainsExpectedHeading=($html -match 'Shop Matching Products')}
2,orphan_remote,category:5588:11257,category,5588,Hotel Coffee Maker,/hotel-coffee-maker/,11257,internal_category_links_html,link_html,missing,,https://www.hotels4humanity.com/hotel-coffee-maker/,$html=(Invoke-WebRequest -Uri 'https://www.hotels4humanity.com/hotel-coffee-maker/' -UseBasicParsing -TimeoutSec 60).Content; [PSCustomObject]@{ContainsRouteAuthorityBlock=($html -match 'h4h-internal-links'); ContainsExpectedHeading=($html -match 'Related Categories')}
2,orphan_remote,category:5592:11280,category,5592,Laundry Carts,/laundry-carts/,11280,internal_category_links_html,link_html,missing,,https://www.hotels4humanity.com/laundry-carts/,$html=(Invoke-WebRequest -Uri 'https://www.hotels4humanity.com/laundry-carts/' -UseBasicParsing -TimeoutSec 60).Content; [PSCustomObject]@{ContainsRouteAuthorityBlock=($html -match 'h4h-internal-links'); ContainsExpectedHeading=($html -match 'Related Categories')}
2,orphan_remote,category:5592:11281,category,5592,Laundry Carts,/laundry-carts/,11281,internal_product_links_html,link_html,missing,,https://www.hotels4humanity.com/laundry-carts/,$html=(Invoke-WebRequest -Uri 'https://www.hotels4humanity.com/laundry-carts/' -UseBasicParsing -TimeoutSec 60).Content; [PSCustomObject]@{ContainsRouteAuthorityBlock=($html -match 'h4h-internal-links'); ContainsExpectedHeading=($html -match 'Shop Matching Products')}
2,orphan_remote,category:5595:11172,category,5595,Hotel Furniture,/hotel-furniture/,11172,internal_product_links_html,link_html,missing,,https://www.hotels4humanity.com/hotel-furniture/,$html=(Invoke-WebRequest -Uri 'https://www.hotels4humanity.com/hotel-furniture/' -UseBasicParsing -TimeoutSec 60).Content; [PSCustomObject]@{ContainsRouteAuthorityBlock=($html -match 'h4h-internal-links'); ContainsExpectedHeading=($html -match 'Shop Matching Products')}
2,orphan_remote,category:5597:11278,category,5597,Bellman / Birdcage carts,/bellman-birdcage-carts/,11278,internal_category_links_html,link_html,missing,,https://www.hotels4humanity.com/bellman-birdcage-carts/,$html=(Invoke-WebRequest -Uri 'https://www.hotels4humanity.com/bellman-birdcage-carts/' -UseBasicParsing -TimeoutSec 60).Content; [PSCustomObject]@{ContainsRouteAuthorityBlock=($html -match 'h4h-internal-links'); ContainsExpectedHeading=($html -match 'Related Categories')}
2,orphan_remote,category:5597:11279,category,5597,Bellman / Birdcage carts,/bellman-birdcage-carts/,11279,internal_product_links_html,link_html,missing,,https://www.hotels4humanity.com/bellman-birdcage-carts/,$html=(Invoke-WebRequest -Uri 'https://www.hotels4humanity.com/bellman-birdcage-carts/' -UseBasicParsing -TimeoutSec 60).Content; [PSCustomObject]@{ContainsRouteAuthorityBlock=($html -match 'h4h-internal-links'); ContainsExpectedHeading=($html -match 'Shop Matching Products')}
2,orphan_remote,category:5598:11256,category,5598,Compact luggage carts,/compact-luggage-carts/,11256,internal_category_links_html,link_html,missing,,https://www.hotels4humanity.com/compact-luggage-carts/,$html=(Invoke-WebRequest -Uri 'https://www.hotels4humanity.com/compact-luggage-carts/' -UseBasicParsing -TimeoutSec 60).Content; [PSCustomObject]@{ContainsRouteAuthorityBlock=($html -match 'h4h-internal-links'); ContainsExpectedHeading=($html -match 'Related Categories')}
2,orphan_remote,category:5598:11253,category,5598,Compact luggage carts,/compact-luggage-carts/,11253,internal_product_links_html,link_html,missing,,https://www.hotels4humanity.com/compact-luggage-carts/,$html=(Invoke-WebRequest -Uri 'https://www.hotels4humanity.com/compact-luggage-carts/' -UseBasicParsing -TimeoutSec 60).Content; [PSCustomObject]@{ContainsRouteAuthorityBlock=($html -match 'h4h-internal-links'); ContainsExpectedHeading=($html -match 'Shop Matching Products')}
2,orphan_remote,category:5599:11276,category,5599,Platform Cart,/platform-cart/,11276,internal_category_links_html,link_html,missing,,https://www.hotels4humanity.com/platform-cart/,$html=(Invoke-WebRequest -Uri 'https://www.hotels4humanity.com/platform-cart/' -UseBasicParsing -TimeoutSec 60).Content; [PSCustomObject]@{ContainsRouteAuthorityBlock=($html -match 'h4h-internal-links'); ContainsExpectedHeading=($html -match 'Related Categories')}
2,orphan_remote,category:5599:11277,category,5599,Platform Cart,/platform-cart/,11277,internal_product_links_html,link_html,missing,,https://www.hotels4humanity.com/platform-cart/,$html=(Invoke-WebRequest -Uri 'https://www.hotels4humanity.com/platform-cart/' -UseBasicParsing -TimeoutSec 60).Content; [PSCustomObject]@{ContainsRouteAuthorityBlock=($html -match 'h4h-internal-links'); ContainsExpectedHeading=($html -match 'Shop Matching Products')}
2,orphan_remote,category:5603:11255,category,5603,Disposable Pillow,/disposable-pillow-1/,11255,internal_category_links_html,link_html,missing,,https://www.hotels4humanity.com/disposable-pillow-1/,$html=(Invoke-WebRequest -Uri 'https://www.hotels4humanity.com/disposable-pillow-1/' -UseBasicParsing -TimeoutSec 60).Content; [PSCustomObject]@{ContainsRouteAuthorityBlock=($html -match 'h4h-internal-links'); ContainsExpectedHeading=($html -match 'Related Categories')}
2,orphan_remote,category:5605:11176,category,5605,Bath Hardware,/bath-hardware/,11176,internal_category_links_html,link_html,missing,,https://www.hotels4humanity.com/bath-hardware/,$html=(Invoke-WebRequest -Uri 'https://www.hotels4humanity.com/bath-hardware/' -UseBasicParsing -TimeoutSec 60).Content; [PSCustomObject]@{ContainsRouteAuthorityBlock=($html -match 'h4h-internal-links'); ContainsExpectedHeading=($html -match 'Related Categories')}
2,orphan_remote,category:5605:11171,category,5605,Bath Hardware,/bath-hardware/,11171,internal_product_links_html,link_html,missing,,https://www.hotels4humanity.com/bath-hardware/,$html=(Invoke-WebRequest -Uri 'https://www.hotels4humanity.com/bath-hardware/' -UseBasicParsing -TimeoutSec 60).Content; [PSCustomObject]@{ContainsRouteAuthorityBlock=($html -match 'h4h-internal-links'); ContainsExpectedHeading=($html -match 'Shop Matching Products')}
2,orphan_remote,category:5606:11254,category,5606,Cart Accessories,/cart-accessories/,11254,internal_category_links_html,link_html,missing,,https://www.hotels4humanity.com/cart-accessories/,$html=(Invoke-WebRequest -Uri 'https://www.hotels4humanity.com/cart-accessories/' -UseBasicParsing -TimeoutSec 60).Content; [PSCustomObject]@{ContainsRouteAuthorityBlock=($html -match 'h4h-internal-links'); ContainsExpectedHeading=($html -match 'Related Categories')}
2,orphan_remote,category:5606:11275,category,5606,Cart Accessories,/cart-accessories/,11275,internal_product_links_html,link_html,missing,,https://www.hotels4humanity.com/cart-accessories/,$html=(Invoke-WebRequest -Uri 'https://www.hotels4humanity.com/cart-accessories/' -UseBasicParsing -TimeoutSec 60).Content; [PSCustomObject]@{ContainsRouteAuthorityBlock=($html -match 'h4h-internal-links'); ContainsExpectedHeading=($html -match 'Shop Matching Products')}
2,orphan_remote,product:100375:11205,product,100375,Brentwood by Martex towels,/products/brentwood-by-martex-towels.html,11205,internal_links_html,link_html,missing,,https://www.hotels4humanity.com/products/brentwood-by-martex-towels.html,$html=(Invoke-WebRequest -Uri 'https://www.hotels4humanity.com/products/brentwood-by-martex-towels.html' -UseBasicParsing -TimeoutSec 60).Content; [PSCustomObject]@{ContainsRouteAuthorityBlock=($html -match 'h4h-internal-links'); ContainsExpectedHeading=($html -match 'Related options')}
3,orphan_remote,product:100376:11206,product,100376,Five Star Hotel Collection | Luxurious Towels,/westpoint-five-star-hotel-towels-12-48-pack/,11206,internal_links_html,link_html,missing,,https://www.hotels4humanity.com/westpoint-five-star-hotel-towels-12-48-pack/,$html=(Invoke-WebRequest -Uri 'https://www.hotels4humanity.com/westpoint-five-star-hotel-towels-12-48-pack/' -UseBasicParsing -TimeoutSec 60).Content; [PSCustomObject]@{ContainsRouteAuthorityBlock=($html -match 'h4h-internal-links'); ContainsExpectedHeading=($html -match 'Related options')}
3,orphan_remote,product:100377:11313,product,100377,Martex | Grand Patrician Towels | Wholesale,/martex-grand-patrician-towels-wholesale/,11313,internal_links_html,link_html,missing,,https://www.hotels4humanity.com/martex-grand-patrician-towels-wholesale/,$html=(Invoke-WebRequest -Uri 'https://www.hotels4humanity.com/martex-grand-patrician-towels-wholesale/' -UseBasicParsing -TimeoutSec 60).Content; [PSCustomObject]@{ContainsRouteAuthorityBlock=($html -match 'h4h-internal-links'); ContainsExpectedHeading=($html -match 'Related options')}
3,orphan_remote,product:100378:11207,product,100378,Sovereign Bath Towels by Martex / WestPoint,/sovereign-bath-towels-by-martex-westpoint/,11207,internal_links_html,link_html,missing,,https://www.hotels4humanity.com/sovereign-bath-towels-by-martex-westpoint/,$html=(Invoke-WebRequest -Uri 'https://www.hotels4humanity.com/sovereign-bath-towels-by-martex-westpoint/' -UseBasicParsing -TimeoutSec 60).Content; [PSCustomObject]@{ContainsRouteAuthorityBlock=($html -match 'h4h-internal-links'); ContainsExpectedHeading=($html -match 'Related options')}
3,orphan_remote,product:100649:11314,product,100649,1888 Mills Towels | Pure | 100% Supima Cotton | Made in the USA,/1888-mills-towels-pure-100-supima-cotton-made-in-the-usa/,11314,internal_links_html,link_html,missing,,https://www.hotels4humanity.com/1888-mills-towels-pure-100-supima-cotton-made-in-the-usa/,$html=(Invoke-WebRequest -Uri 'https://www.hotels4humanity.com/1888-mills-towels-pure-100-supima-cotton-made-in-the-usa/' -UseBasicParsing -TimeoutSec 60).Content; [PSCustomObject]@{ContainsRouteAuthorityBlock=($html -match 'h4h-internal-links'); ContainsExpectedHeading=($html -match 'Related options')}
3,orphan_remote,product:100660:11336,product,100660,1888 Mills Towels | Oasis,/1888-mills-towels-oasis/,11336,internal_links_html,link_html,missing,,https://www.hotels4humanity.com/1888-mills-towels-oasis/,$html=(Invoke-WebRequest -Uri 'https://www.hotels4humanity.com/1888-mills-towels-oasis/' -UseBasicParsing -TimeoutSec 60).Content; [PSCustomObject]@{ContainsRouteAuthorityBlock=($html -match 'h4h-internal-links'); ContainsExpectedHeading=($html -match 'Related options')}
3,orphan_remote,product:100696:11318,product,100696,Millennium Colored Towels by 1888 Mills | Made in USA | Wholesale,/millennium-colored-towels-by-1888-mills-made-in-usa-wholesale/,11318,internal_links_html,link_html,missing,,https://www.hotels4humanity.com/millennium-colored-towels-by-1888-mills-made-in-usa-wholesale/,$html=(Invoke-WebRequest -Uri 'https://www.hotels4humanity.com/millennium-colored-towels-by-1888-mills-made-in-usa-wholesale/' -UseBasicParsing -TimeoutSec 60).Content; [PSCustomObject]@{ContainsRouteAuthorityBlock=($html -match 'h4h-internal-links'); ContainsExpectedHeading=($html -match 'Related options')}
3,orphan_remote,product:100705:11337,product,100705,Dependability by 1888 Mills Towels | White - All Sizes!,/dependability-by-1888-mills-towels-white-all-sizes/,11337,internal_links_html,link_html,missing,,https://www.hotels4humanity.com/dependability-by-1888-mills-towels-white-all-sizes/,$html=(Invoke-WebRequest -Uri 'https://www.hotels4humanity.com/dependability-by-1888-mills-towels-white-all-sizes/' -UseBasicParsing -TimeoutSec 60).Content; [PSCustomObject]@{ContainsRouteAuthorityBlock=($html -match 'h4h-internal-links'); ContainsExpectedHeading=($html -match 'Related options')}
3,orphan_remote,product:100716:11338,product,100716,1888 Mills Waves Stripe Pool Towels | Pack of 60,/1888-mills-waves-stripe-pool-towels-pack-of-60/,11338,internal_links_html,link_html,missing,,https://www.hotels4humanity.com/1888-mills-waves-stripe-pool-towels-pack-of-60/,$html=(Invoke-WebRequest -Uri 'https://www.hotels4humanity.com/1888-mills-waves-stripe-pool-towels-pack-of-60/' -UseBasicParsing -TimeoutSec 60).Content; [PSCustomObject]@{ContainsRouteAuthorityBlock=($html -match 'h4h-internal-links'); ContainsExpectedHeading=($html -match 'Related options')}
3,orphan_remote,product:100727:11339,product,100727,1888 Mills | Bathrobe | 100% Cotton Kimono Waffle Weave | Pack of 10,/1888-mills-bathbobe-100-cotton-kimono-waffle-weave-pack-of-10/,11339,internal_links_html,link_html,missing,,https://www.hotels4humanity.com/1888-mills-bathbobe-100-cotton-kimono-waffle-weave-pack-of-10/,$html=(Invoke-WebRequest -Uri 'https://www.hotels4humanity.com/1888-mills-bathbobe-100-cotton-kimono-waffle-weave-pack-of-10/' -UseBasicParsing -TimeoutSec 60).Content; [PSCustomObject]@{ContainsRouteAuthorityBlock=($html -match 'h4h-internal-links'); ContainsExpectedHeading=($html -match 'Related options')}
3,orphan_remote,product:110128:11208,product,110128,Kartri | Dobbie Sparkle Luxury Hotel Shower Curtains,/kartri-dobbie-sparkle-luxury-hotel-shower-curtains/,11208,internal_links_html,link_html,missing,,https://www.hotels4humanity.com/kartri-dobbie-sparkle-luxury-hotel-shower-curtains/,$html=(Invoke-WebRequest -Uri 'https://www.hotels4humanity.com/kartri-dobbie-sparkle-luxury-hotel-shower-curtains/' -UseBasicParsing -TimeoutSec 60).Content; [PSCustomObject]@{ContainsRouteAuthorityBlock=($html -match 'h4h-internal-links'); ContainsExpectedHeading=($html -match 'Related options')}
3,orphan_remote,product:110133:11209,product,110133,KARTRI| DYNASTY| POLYESTER SHOWER CURTAIN W/ SEWN EYELETS PACK OF 12,/kartri-dynasty-polyester-shower-curtain-w-sewn-eyelets-pack-of-12/,11209,internal_links_html,link_html,missing,,https://www.hotels4humanity.com/kartri-dynasty-polyester-shower-curtain-w-sewn-eyelets-pack-of-12/,$html=(Invoke-WebRequest -Uri 'https://www.hotels4humanity.com/kartri-dynasty-polyester-shower-curtain-w-sewn-eyelets-pack-of-12/' -UseBasicParsing -TimeoutSec 60).Content; [PSCustomObject]@{ContainsRouteAuthorityBlock=($html -match 'h4h-internal-links'); ContainsExpectedHeading=($html -match 'Related options')}
3,orphan_remote,product:110136:11319,product,110136,KARTRI| SUPREME WAFFLE| POLYESTER SHOWER CURTAIN W/ METAL GROMMETS PACK OF 12,/kartri-supreme-waffle-polyester-shower-curtain-w-metal-grommets-pack-of-12/,11319,internal_links_html,link_html,missing,,https://www.hotels4humanity.com/kartri-supreme-waffle-polyester-shower-curtain-w-metal-grommets-pack-of-12/,$html=(Invoke-WebRequest -Uri 'https://www.hotels4humanity.com/kartri-supreme-waffle-polyester-shower-curtain-w-metal-grommets-pack-of-12/' -UseBasicParsing -TimeoutSec 60).Content; [PSCustomObject]@{ContainsRouteAuthorityBlock=($html -match 'h4h-internal-links'); ContainsExpectedHeading=($html -match 'Related options')}
3,orphan_remote,product:110137:11320,product,110137,KARTRI| KATHRYN| FLAME RETARDANT POLY/AVORA BLEND| SHOWER CURTAIN W/ SEWN EYELETS PACK OF 8,/kartri-kathryn-flame-retardant-poly-avora-blend-shower-curtain-w-sewn-eyelets-pack-of-8/,11320,internal_links_html,link_html,missing,,https://www.hotels4humanity.com/kartri-kathryn-flame-retardant-poly-avora-blend-shower-curtain-w-sewn-eyelets-pack-of-8/,$html=(Invoke-WebRequest -Uri 'https://www.hotels4humanity.com/kartri-kathryn-flame-retardant-poly-avora-blend-shower-curtain-w-sewn-eyelets-pack-of-8/' -UseBasicParsing -TimeoutSec 60).Content; [PSCustomObject]@{ContainsRouteAuthorityBlock=($html -match 'h4h-internal-links'); ContainsExpectedHeading=($html -match 'Related options')}
3,orphan_remote,product:110194:11210,product,110194,KARTRI| PLASTIC ROUND| SIDE SLIDE| SHOWER CURTAIN HOOKS PACK OF 12 DZ,/kartri-plastic-round-side-slide-shower-curtain-hooks-pack-of-12-dz/,11210,internal_links_html,link_html,missing,,https://www.hotels4humanity.com/kartri-plastic-round-side-slide-shower-curtain-hooks-pack-of-12-dz/,$html=(Invoke-WebRequest -Uri 'https://www.hotels4humanity.com/kartri-plastic-round-side-slide-shower-curtain-hooks-pack-of-12-dz/' -UseBasicParsing -TimeoutSec 60).Content; [PSCustomObject]@{ContainsRouteAuthorityBlock=($html -match 'h4h-internal-links'); ContainsExpectedHeading=($html -match 'Related options')}
3,orphan_remote,product:110195:11211,product,110195,KARTRI| PLASTIC| OPEN END| SHOWER CURTAIN HOOKS PACK OF 12,/kartri-plastic-open-end-shower-curtain-hooks-pack-of-12/,11211,internal_links_html,link_html,missing,,https://www.hotels4humanity.com/kartri-plastic-open-end-shower-curtain-hooks-pack-of-12/,$html=(Invoke-WebRequest -Uri 'https://www.hotels4humanity.com/kartri-plastic-open-end-shower-curtain-hooks-pack-of-12/' -UseBasicParsing -TimeoutSec 60).Content; [PSCustomObject]@{ContainsRouteAuthorityBlock=($html -match 'h4h-internal-links'); ContainsExpectedHeading=($html -match 'Related options')}
3,orphan_remote,product:111116:11321,product,111116,1888 Mills Towels | Naked | 50/50% Modal / Combed Cotton,/1888-mills-towels-naked-50-50-modal-combed-cotton/,11321,internal_links_html,link_html,missing,,https://www.hotels4humanity.com/1888-mills-towels-naked-50-50-modal-combed-cotton/,$html=(Invoke-WebRequest -Uri 'https://www.hotels4humanity.com/1888-mills-towels-naked-50-50-modal-combed-cotton/' -UseBasicParsing -TimeoutSec 60).Content; [PSCustomObject]@{ContainsRouteAuthorityBlock=($html -match 'h4h-internal-links'); ContainsExpectedHeading=($html -match 'Related options')}
3,orphan_remote,product:111143:11328,product,111143,Ganesh Mills | Hookless Shower Curtains | 71x74 | Pack of 12,/ganesh-mills-hookless-shower-curtains-71x74-pack-of-12/,11328,internal_links_html,link_html,missing,,https://www.hotels4humanity.com/ganesh-mills-hookless-shower-curtains-71x74-pack-of-12/,$html=(Invoke-WebRequest -Uri 'https://www.hotels4humanity.com/ganesh-mills-hookless-shower-curtains-71x74-pack-of-12/' -UseBasicParsing -TimeoutSec 60).Content; [PSCustomObject]@{ContainsRouteAuthorityBlock=($html -match 'h4h-internal-links'); ContainsExpectedHeading=($html -match 'Related options')}
3,orphan_remote,product:111161:11324,product,111161,Oxford Imperial Towels by Ganesh Mills - All Sizes & Colors,/oxford-imperial-towels-by-ganesh-mills-all-sizes-colors/,11324,internal_links_html,link_html,missing,,https://www.hotels4humanity.com/oxford-imperial-towels-by-ganesh-mills-all-sizes-colors/,$html=(Invoke-WebRequest -Uri 'https://www.hotels4humanity.com/oxford-imperial-towels-by-ganesh-mills-all-sizes-colors/' -UseBasicParsing -TimeoutSec 60).Content; [PSCustomObject]@{ContainsRouteAuthorityBlock=($html -match 'h4h-internal-links'); ContainsExpectedHeading=($html -match 'Related options')}
3,orphan_remote,product:111173:11322,product,111173,Oxford Viceroy Pool & Bath Towels,/oxford-viceroy-pool-bath-towels/,11322,internal_links_html,link_html,missing,,https://www.hotels4humanity.com/oxford-viceroy-pool-bath-towels/,$html=(Invoke-WebRequest -Uri 'https://www.hotels4humanity.com/oxford-viceroy-pool-bath-towels/' -UseBasicParsing -TimeoutSec 60).Content; [PSCustomObject]@{ContainsRouteAuthorityBlock=($html -match 'h4h-internal-links'); ContainsExpectedHeading=($html -match 'Related options')}
3,orphan_remote,product:111358:11213,product,111358,Hookless | Plain Weave Shower Curtain - White & Beige,/hookless-plain-weave-shower-curtain-white-beige/,11213,internal_links_html,link_html,missing,,https://www.hotels4humanity.com/hookless-plain-weave-shower-curtain-white-beige/,$html=(Invoke-WebRequest -Uri 'https://www.hotels4humanity.com/hookless-plain-weave-shower-curtain-white-beige/' -UseBasicParsing -TimeoutSec 60).Content; [PSCustomObject]@{ContainsRouteAuthorityBlock=($html -match 'h4h-internal-links'); ContainsExpectedHeading=($html -match 'Related options')}
3,orphan_remote,product:111362:11214,product,111362,Hookless Shower Curtains | Escape Collection,/hookless-shower-curtains-escape-collection/,11214,internal_links_html,link_html,missing,,https://www.hotels4humanity.com/hookless-shower-curtains-escape-collection/,$html=(Invoke-WebRequest -Uri 'https://www.hotels4humanity.com/hookless-shower-curtains-escape-collection/' -UseBasicParsing -TimeoutSec 60).Content; [PSCustomObject]@{ContainsRouteAuthorityBlock=($html -match 'h4h-internal-links'); ContainsExpectedHeading=($html -match 'Related options')}
3,orphan_remote,product:111363:11215,product,111363,Hookless | Illusion  Shower Curtain | Pack of 12,/illusion-hookless-polyester-shower-curtain-pack-of-12/,11215,internal_links_html,link_html,missing,,https://www.hotels4humanity.com/illusion-hookless-polyester-shower-curtain-pack-of-12/,$html=(Invoke-WebRequest -Uri 'https://www.hotels4humanity.com/illusion-hookless-polyester-shower-curtain-pack-of-12/' -UseBasicParsing -TimeoutSec 60).Content; [PSCustomObject]@{ContainsRouteAuthorityBlock=($html -match 'h4h-internal-links'); ContainsExpectedHeading=($html -match 'Related options')}
3,orphan_remote,product:111364:11216,product,111364,Litchfield | Hookless Shower Curtain | Pack of 12,/litchfield-hookless-polyester-shower-curtain-pack-of-12/,11216,internal_links_html,link_html,missing,,https://www.hotels4humanity.com/litchfield-hookless-polyester-shower-curtain-pack-of-12/,$html=(Invoke-WebRequest -Uri 'https://www.hotels4humanity.com/litchfield-hookless-polyester-shower-curtain-pack-of-12/' -UseBasicParsing -TimeoutSec 60).Content; [PSCustomObject]@{ContainsRouteAuthorityBlock=($html -match 'h4h-internal-links'); ContainsExpectedHeading=($html -match 'Related options')}
3,orphan_remote,product:111365:11217,product,111365,Madison by Hookless Shower Curtains | Pack of 12,/madison-by-hookless-shower-curtains-pack-of-12/,11217,internal_links_html,link_html,missing,,https://www.hotels4humanity.com/madison-by-hookless-shower-curtains-pack-of-12/,$html=(Invoke-WebRequest -Uri 'https://www.hotels4humanity.com/madison-by-hookless-shower-curtains-pack-of-12/' -UseBasicParsing -TimeoutSec 60).Content; [PSCustomObject]@{ContainsRouteAuthorityBlock=($html -match 'h4h-internal-links'); ContainsExpectedHeading=($html -match 'Related options')}
3,orphan_remote,product:111367:11218,product,111367,Mystery | Hookless | Polyester | Shower Curtain | Pack of 12,/mystery-hookless-polyester-shower-curtain-pack-of-12/,11218,internal_links_html,link_html,missing,,https://www.hotels4humanity.com/mystery-hookless-polyester-shower-curtain-pack-of-12/,$html=(Invoke-WebRequest -Uri 'https://www.hotels4humanity.com/mystery-hookless-polyester-shower-curtain-pack-of-12/' -UseBasicParsing -TimeoutSec 60).Content; [PSCustomObject]@{ContainsRouteAuthorityBlock=($html -match 'h4h-internal-links'); ContainsExpectedHeading=($html -match 'Related options')}
3,orphan_remote,product:111369:11219,product,111369,Reflection | Hookless | Polyester | Shower Curtain | Pack of 12,/reflection-hookless-polyester-shower-curtain-pack-of-12/,11219,internal_links_html,link_html,missing,,https://www.hotels4humanity.com/reflection-hookless-polyester-shower-curtain-pack-of-12/,$html=(Invoke-WebRequest -Uri 'https://www.hotels4humanity.com/reflection-hookless-polyester-shower-curtain-pack-of-12/' -UseBasicParsing -TimeoutSec 60).Content; [PSCustomObject]@{ContainsRouteAuthorityBlock=($html -match 'h4h-internal-links'); ContainsExpectedHeading=($html -match 'Related options')}
3,orphan_remote,product:111370:11252,product,111370,Hookless Shimmy Square Shower Curtains - case of 12,/products/hookless-shimmy-square-shower-curtains-case-of-12.html,11252,internal_links_html,link_html,missing,,https://www.hotels4humanity.com/products/hookless-shimmy-square-shower-curtains-case-of-12.html,$html=(Invoke-WebRequest -Uri 'https://www.hotels4humanity.com/products/hookless-shimmy-square-shower-curtains-case-of-12.html' -UseBasicParsing -TimeoutSec 60).Content; [PSCustomObject]@{ContainsRouteAuthorityBlock=($html -match 'h4h-internal-links'); ContainsExpectedHeading=($html -match 'Related options')}
3,orphan_remote,product:111377:11220,product,111377,Hookless Waves Shower Curtain | Pack of 12,/hookless-waves-shower-curtain-pack-of-12/,11220,internal_links_html,link_html,missing,,https://www.hotels4humanity.com/hookless-waves-shower-curtain-pack-of-12/,$html=(Invoke-WebRequest -Uri 'https://www.hotels4humanity.com/hookless-waves-shower-curtain-pack-of-12/' -UseBasicParsing -TimeoutSec 60).Content; [PSCustomObject]@{ContainsRouteAuthorityBlock=($html -match 'h4h-internal-links'); ContainsExpectedHeading=($html -match 'Related options')}
3,orphan_remote,product:111566:11344,product,111566,HOSPITALITY 1 SOURCE | UTILITY CART - All Styles and Wheel Sizes,/hospitality-1-source-utility-cart-all-styles-and-wheel-sizes/,11344,internal_links_html,link_html,missing,,https://www.hotels4humanity.com/hospitality-1-source-utility-cart-all-styles-and-wheel-sizes/,$html=(Invoke-WebRequest -Uri 'https://www.hotels4humanity.com/hospitality-1-source-utility-cart-all-styles-and-wheel-sizes/' -UseBasicParsing -TimeoutSec 60).Content; [PSCustomObject]@{ContainsRouteAuthorityBlock=($html -match 'h4h-internal-links'); ContainsExpectedHeading=($html -match 'Related options')}
3,orphan_remote,product:111567:11222,product,111567,COMPACT LUGGAGE CARTS WITH DECKING,/compact-luggage-carts-with-decking/,11222,internal_links_html,link_html,missing,,https://www.hotels4humanity.com/compact-luggage-carts-with-decking/,$html=(Invoke-WebRequest -Uri 'https://www.hotels4humanity.com/compact-luggage-carts-with-decking/' -UseBasicParsing -TimeoutSec 60).Content; [PSCustomObject]@{ContainsRouteAuthorityBlock=($html -match 'h4h-internal-links'); ContainsExpectedHeading=($html -match 'Related options')}
3,orphan_remote,product:111571:11223,product,111571,HOSPITALITY 1 SOURCE | ESTATE SERIES | BELLMAN CART - All Styles,/hospitality-1-source-estate-series-bellman-cart-all-styles/,11223,internal_links_html,link_html,missing,,https://www.hotels4humanity.com/hospitality-1-source-estate-series-bellman-cart-all-styles/,$html=(Invoke-WebRequest -Uri 'https://www.hotels4humanity.com/hospitality-1-source-estate-series-bellman-cart-all-styles/' -UseBasicParsing -TimeoutSec 60).Content; [PSCustomObject]@{ContainsRouteAuthorityBlock=($html -match 'h4h-internal-links'); ContainsExpectedHeading=($html -match 'Related options')}
3,orphan_remote,product:111572:11224,product,111572,BELLMAN'S CART | BOARDWALK BY HOSPITALITY 1 SOURCE,/bellmans-cart-boardwalk-by-hospitality-1-source/,11224,internal_links_html,link_html,missing,,https://www.hotels4humanity.com/bellmans-cart-boardwalk-by-hospitality-1-source/,$html=(Invoke-WebRequest -Uri 'https://www.hotels4humanity.com/bellmans-cart-boardwalk-by-hospitality-1-source/' -UseBasicParsing -TimeoutSec 60).Content; [PSCustomObject]@{ContainsRouteAuthorityBlock=($html -match 'h4h-internal-links'); ContainsExpectedHeading=($html -match 'Related options')}
3,orphan_remote,product:111580:11227,product,111580,BELLMAN'S CART | CLASSIC SERIES - ALL STYLES,/bellmans-cart-classic-series-all-styles/,11227,internal_links_html,link_html,missing,,https://www.hotels4humanity.com/bellmans-cart-classic-series-all-styles/,$html=(Invoke-WebRequest -Uri 'https://www.hotels4humanity.com/bellmans-cart-classic-series-all-styles/' -UseBasicParsing -TimeoutSec 60).Content; [PSCustomObject]@{ContainsRouteAuthorityBlock=($html -match 'h4h-internal-links'); ContainsExpectedHeading=($html -match 'Related options')}
3,orphan_remote,product:111582:11228,product,111582,Bellman'S Cart | Transporter - All Styles & Deckings,/bellmans-cart-transporter-all-styles-deckings/,11228,internal_links_html,link_html,missing,,https://www.hotels4humanity.com/bellmans-cart-transporter-all-styles-deckings/,$html=(Invoke-WebRequest -Uri 'https://www.hotels4humanity.com/bellmans-cart-transporter-all-styles-deckings/' -UseBasicParsing -TimeoutSec 60).Content; [PSCustomObject]@{ContainsRouteAuthorityBlock=($html -match 'h4h-internal-links'); ContainsExpectedHeading=($html -match 'Related options')}
3,orphan_remote,product:111589:11327,product,111589,Continuous Comfort Enviroloft (Down Alternative) Duvet Inserts,/downlite-wholesale-bedding-enviroloft/,11327,internal_links_html,link_html,missing,,https://www.hotels4humanity.com/downlite-wholesale-bedding-enviroloft/,$html=(Invoke-WebRequest -Uri 'https://www.hotels4humanity.com/downlite-wholesale-bedding-enviroloft/' -UseBasicParsing -TimeoutSec 60).Content; [PSCustomObject]@{ContainsRouteAuthorityBlock=($html -match 'h4h-internal-links'); ContainsExpectedHeading=($html -match 'Related options')}
3,orphan_remote,product:111642:11347,product,111642,Martex Millennium T300 Hotel Sheets - All Sizes!,/martex-millennium-t300-hotel-sheets-all-sizes/,11347,internal_links_html,link_html,missing,,https://www.hotels4humanity.com/martex-millennium-t300-hotel-sheets-all-sizes/,$html=(Invoke-WebRequest -Uri 'https://www.hotels4humanity.com/martex-millennium-t300-hotel-sheets-all-sizes/' -UseBasicParsing -TimeoutSec 60).Content; [PSCustomObject]@{ContainsRouteAuthorityBlock=($html -match 'h4h-internal-links'); ContainsExpectedHeading=($html -match 'Related options')}
3,orphan_remote,product:111660:11350,product,111660,Oxford Super Blend T-200 By Ganesh Mills- All Sizes!,/oxford-super-blend-t-200-by-ganesh-mills-all-sizes/,11350,internal_links_html,link_html,missing,,https://www.hotels4humanity.com/oxford-super-blend-t-200-by-ganesh-mills-all-sizes/,$html=(Invoke-WebRequest -Uri 'https://www.hotels4humanity.com/oxford-super-blend-t-200-by-ganesh-mills-all-sizes/' -UseBasicParsing -TimeoutSec 60).Content; [PSCustomObject]@{ContainsRouteAuthorityBlock=($html -match 'h4h-internal-links'); ContainsExpectedHeading=($html -match 'Related options')}
3,orphan_remote,product:111665:11229,product,111665,NESTABLE COMPACT LUGGAGE CARRIER,/nestable-compact-luggage-carrier/,11229,internal_links_html,link_html,missing,,https://www.hotels4humanity.com/nestable-compact-luggage-carrier/,$html=(Invoke-WebRequest -Uri 'https://www.hotels4humanity.com/nestable-compact-luggage-carrier/' -UseBasicParsing -TimeoutSec 60).Content; [PSCustomObject]@{ContainsRouteAuthorityBlock=($html -match 'h4h-internal-links'); ContainsExpectedHeading=($html -match 'Related options')}
3,orphan_remote,product:112030:11230,product,112030,Sico Mobile Sleeper | Portable Twin / Full Size Rollaway Bed & Mattress,/sico-mobile-sleeper-portable-twin-full-size-rollaway-bed-mattress/,11230,internal_links_html,link_html,missing,,https://www.hotels4humanity.com/sico-mobile-sleeper-portable-twin-full-size-rollaway-bed-mattress/,$html=(Invoke-WebRequest -Uri 'https://www.hotels4humanity.com/sico-mobile-sleeper-portable-twin-full-size-rollaway-bed-mattress/' -UseBasicParsing -TimeoutSec 60).Content; [PSCustomObject]@{ContainsRouteAuthorityBlock=($html -match 'h4h-internal-links'); ContainsExpectedHeading=($html -match 'Related options')}
3,orphan_remote,product:112072:11231,product,112072,Compact Luggage Carrier- LUG-A-BOUT by CSL,/compact-luggage-carrier-lug-a-bout-by-csl/,11231,internal_links_html,link_html,missing,,https://www.hotels4humanity.com/compact-luggage-carrier-lug-a-bout-by-csl/,$html=(Invoke-WebRequest -Uri 'https://www.hotels4humanity.com/compact-luggage-carrier-lug-a-bout-by-csl/' -UseBasicParsing -TimeoutSec 60).Content; [PSCustomObject]@{ContainsRouteAuthorityBlock=($html -match 'h4h-internal-links'); ContainsExpectedHeading=($html -match 'Related options')}
3,orphan_remote,product:112073:11232,product,112073,"Uptown Series | Heavy Duty Bellman Cart - Angled Top | 1.5"""", tube",/uptown-series-heavy-duty-bellman-cart-angled-top-1-5-tube/,11232,internal_links_html,link_html,missing,,https://www.hotels4humanity.com/uptown-series-heavy-duty-bellman-cart-angled-top-1-5-tube/,$html=(Invoke-WebRequest -Uri 'https://www.hotels4humanity.com/uptown-series-heavy-duty-bellman-cart-angled-top-1-5-tube/' -UseBasicParsing -TimeoutSec 60).Content; [PSCustomObject]@{ContainsRouteAuthorityBlock=($html -match 'h4h-internal-links'); ContainsExpectedHeading=($html -match 'Related options')}
3,orphan_remote,product:112074:11233,product,112074,Bellman Cart | Town Square Series |,/bellman-cart-town-square-series/,11233,internal_links_html,link_html,missing,,https://www.hotels4humanity.com/bellman-cart-town-square-series/,$html=(Invoke-WebRequest -Uri 'https://www.hotels4humanity.com/bellman-cart-town-square-series/' -UseBasicParsing -TimeoutSec 60).Content; [PSCustomObject]@{ContainsRouteAuthorityBlock=($html -match 'h4h-internal-links'); ContainsExpectedHeading=($html -match 'Related options')}
3,orphan_remote,product:112076:11234,product,112076,"Affordable Hotel Luggage Cart | 1"", tube",/affordable-hotel-luggage-cart-1-tube/,11234,internal_links_html,link_html,missing,,https://www.hotels4humanity.com/affordable-hotel-luggage-cart-1-tube/,$html=(Invoke-WebRequest -Uri 'https://www.hotels4humanity.com/affordable-hotel-luggage-cart-1-tube/' -UseBasicParsing -TimeoutSec 60).Content; [PSCustomObject]@{ContainsRouteAuthorityBlock=($html -match 'h4h-internal-links'); ContainsExpectedHeading=($html -match 'Related options')}
3,orphan_remote,product:112092:11235,product,112092,Glaro Glider Deluxe 4 Wheel Bellman Cart,/glaro-glider-deluxe-4-wheel-bellman-cart/,11235,internal_links_html,link_html,missing,,https://www.hotels4humanity.com/glaro-glider-deluxe-4-wheel-bellman-cart/,$html=(Invoke-WebRequest -Uri 'https://www.hotels4humanity.com/glaro-glider-deluxe-4-wheel-bellman-cart/' -UseBasicParsing -TimeoutSec 60).Content; [PSCustomObject]@{ContainsRouteAuthorityBlock=($html -match 'h4h-internal-links'); ContainsExpectedHeading=($html -match 'Related options')}
3,orphan_remote,product:112095:11354,product,112095,GANESH | HEAVY DUVET INSERTS | TWIN 66X89 | 100% COTTON CAMBRIC | MICRO GEL FIBER WHITE,/ganesh-heavy-duvet-inserts-twin-66x89-100-cotton-cambric-micro-gel-fiber-white/,11354,internal_links_html,link_html,missing,,https://www.hotels4humanity.com/ganesh-heavy-duvet-inserts-twin-66x89-100-cotton-cambric-micro-gel-fiber-white/,$html=(Invoke-WebRequest -Uri 'https://www.hotels4humanity.com/ganesh-heavy-duvet-inserts-twin-66x89-100-cotton-cambric-micro-gel-fiber-white/' -UseBasicParsing -TimeoutSec 60).Content; [PSCustomObject]@{ContainsRouteAuthorityBlock=($html -match 'h4h-internal-links'); ContainsExpectedHeading=($html -match 'Related options')}
3,orphan_remote,product:112264:11236,product,112264,EZ Sleeper - Hotel Portable Bed,/ez-sleeper-hotel-portable-bed/,11236,internal_links_html,link_html,missing,,https://www.hotels4humanity.com/ez-sleeper-hotel-portable-bed/,$html=(Invoke-WebRequest -Uri 'https://www.hotels4humanity.com/ez-sleeper-hotel-portable-bed/' -UseBasicParsing -TimeoutSec 60).Content; [PSCustomObject]@{ContainsRouteAuthorityBlock=($html -match 'h4h-internal-links'); ContainsExpectedHeading=($html -match 'Related options')}
3,orphan_remote,product:112327:11237,product,112327,Hookless | Mini Waffle Shower Curtain,/hookless-mini-waffle-shower-curtain/,11237,internal_links_html,link_html,missing,,https://www.hotels4humanity.com/hookless-mini-waffle-shower-curtain/,$html=(Invoke-WebRequest -Uri 'https://www.hotels4humanity.com/hookless-mini-waffle-shower-curtain/' -UseBasicParsing -TimeoutSec 60).Content; [PSCustomObject]@{ContainsRouteAuthorityBlock=($html -match 'h4h-internal-links'); ContainsExpectedHeading=($html -match 'Related options')}
3,orphan_remote,product:112379:11238,product,112379,Versatile Self-Serve & Nestable Luggage Carts - All Styles!,/versatile-self-serve-nestable-luggage-carts-all-styles/,11238,internal_links_html,link_html,missing,,https://www.hotels4humanity.com/versatile-self-serve-nestable-luggage-carts-all-styles/,$html=(Invoke-WebRequest -Uri 'https://www.hotels4humanity.com/versatile-self-serve-nestable-luggage-carts-all-styles/' -UseBasicParsing -TimeoutSec 60).Content; [PSCustomObject]@{ContainsRouteAuthorityBlock=($html -match 'h4h-internal-links'); ContainsExpectedHeading=($html -match 'Related options')}
3,orphan_remote,product:112391:11360,product,112391,CONAIR® 1875 Watt Hotel Hair Dryer with Ionic Conditioning - Pack of 4,/conair-1875-watt-hotel-hair-dryer-with-ionic-conditioning-pack-of-4/,11360,internal_links_html,link_html,missing,,https://www.hotels4humanity.com/conair-1875-watt-hotel-hair-dryer-with-ionic-conditioning-pack-of-4/,$html=(Invoke-WebRequest -Uri 'https://www.hotels4humanity.com/conair-1875-watt-hotel-hair-dryer-with-ionic-conditioning-pack-of-4/' -UseBasicParsing -TimeoutSec 60).Content; [PSCustomObject]@{ContainsRouteAuthorityBlock=($html -match 'h4h-internal-links'); ContainsExpectedHeading=($html -match 'Related options')}
3,orphan_remote,product:112397:11361,product,112397,Cuisinart® | Dishwasher-Safe Anodized Saucepan w/ Tempered Glass Cover - All Sizes,/cuisinart-dishwasher-safe-anodized-saucepan-w-tempered-glass-cover-all-sizes/,11361,internal_links_html,link_html,missing,,https://www.hotels4humanity.com/cuisinart-dishwasher-safe-anodized-saucepan-w-tempered-glass-cover-all-sizes/,$html=(Invoke-WebRequest -Uri 'https://www.hotels4humanity.com/cuisinart-dishwasher-safe-anodized-saucepan-w-tempered-glass-cover-all-sizes/' -UseBasicParsing -TimeoutSec 60).Content; [PSCustomObject]@{ContainsRouteAuthorityBlock=($html -match 'h4h-internal-links'); ContainsExpectedHeading=($html -match 'Related options')}
4,orphan_remote,product:112405:11239,product,112405,Lexington Rollaway & Fold Out Bed,/lexington-rollaway-fold-out-bed/,11239,internal_links_html,link_html,missing,,https://www.hotels4humanity.com/lexington-rollaway-fold-out-bed/,$html=(Invoke-WebRequest -Uri 'https://www.hotels4humanity.com/lexington-rollaway-fold-out-bed/' -UseBasicParsing -TimeoutSec 60).Content; [PSCustomObject]@{ContainsRouteAuthorityBlock=($html -match 'h4h-internal-links'); ContainsExpectedHeading=($html -match 'Related options')}
4,orphan_remote,product:112406:11240,product,112406,Rollaway Bed Mattress Only,/products/rollaway-bed-mattress-only.html,11240,internal_links_html,link_html,missing,,https://www.hotels4humanity.com/products/rollaway-bed-mattress-only.html,$html=(Invoke-WebRequest -Uri 'https://www.hotels4humanity.com/products/rollaway-bed-mattress-only.html' -UseBasicParsing -TimeoutSec 60).Content; [PSCustomObject]@{ContainsRouteAuthorityBlock=($html -match 'h4h-internal-links'); ContainsExpectedHeading=($html -match 'Related options')}
4,orphan_remote,product:112408:11241,product,112408,Rollaway fold up bed frame,/rollaway-fold-up-bed-frame/,11241,internal_links_html,link_html,missing,,https://www.hotels4humanity.com/rollaway-fold-up-bed-frame/,$html=(Invoke-WebRequest -Uri 'https://www.hotels4humanity.com/rollaway-fold-up-bed-frame/' -UseBasicParsing -TimeoutSec 60).Content; [PSCustomObject]@{ContainsRouteAuthorityBlock=($html -match 'h4h-internal-links'); ContainsExpectedHeading=($html -match 'Related options')}
4,orphan_remote,product:112409:11242,product,112409,SICO® Economy Mobile Sleeper - Hotel Rollaway Bed Mattress,/sico-economy-mobile-sleeper-hotel-rollaway-bed-mattress/,11242,internal_links_html,link_html,missing,,https://www.hotels4humanity.com/sico-economy-mobile-sleeper-hotel-rollaway-bed-mattress/,$html=(Invoke-WebRequest -Uri 'https://www.hotels4humanity.com/sico-economy-mobile-sleeper-hotel-rollaway-bed-mattress/' -UseBasicParsing -TimeoutSec 60).Content; [PSCustomObject]@{ContainsRouteAuthorityBlock=($html -match 'h4h-internal-links'); ContainsExpectedHeading=($html -match 'Related options')}
4,orphan_remote,product:112411:11243,product,112411,"Rollaway Bed | Twin Size | Hotel Pillow Top 10.5"" Coil Spring Mattress",/rollaway-bed-twin-size-hotel-pillow-top-10-5-coil-spring-mattress/,11243,internal_links_html,link_html,missing,,https://www.hotels4humanity.com/rollaway-bed-twin-size-hotel-pillow-top-10-5-coil-spring-mattress/,$html=(Invoke-WebRequest -Uri 'https://www.hotels4humanity.com/rollaway-bed-twin-size-hotel-pillow-top-10-5-coil-spring-mattress/' -UseBasicParsing -TimeoutSec 60).Content; [PSCustomObject]@{ContainsRouteAuthorityBlock=($html -match 'h4h-internal-links'); ContainsExpectedHeading=($html -match 'Related options')}
4,orphan_remote,product:112413:11244,product,112413,Bellman Cart | Gold Coast - All Styles & Deckings,/bellman-cart-gold-coast-all-styles-deckings/,11244,internal_links_html,link_html,missing,,https://www.hotels4humanity.com/bellman-cart-gold-coast-all-styles-deckings/,$html=(Invoke-WebRequest -Uri 'https://www.hotels4humanity.com/bellman-cart-gold-coast-all-styles-deckings/' -UseBasicParsing -TimeoutSec 60).Content; [PSCustomObject]@{ContainsRouteAuthorityBlock=($html -match 'h4h-internal-links'); ContainsExpectedHeading=($html -match 'Related options')}
4,orphan_remote,product:112419:11245,product,112419,Courtyard Waffle Polyester Hotel Shower Curtain - Pack of 12,/courtyard-waffle-polyester-hotel-shower-curtain-pack-of-12/,11245,internal_links_html,link_html,missing,,https://www.hotels4humanity.com/courtyard-waffle-polyester-hotel-shower-curtain-pack-of-12/,$html=(Invoke-WebRequest -Uri 'https://www.hotels4humanity.com/courtyard-waffle-polyester-hotel-shower-curtain-pack-of-12/' -UseBasicParsing -TimeoutSec 60).Content; [PSCustomObject]@{ContainsRouteAuthorityBlock=($html -match 'h4h-internal-links'); ContainsExpectedHeading=($html -match 'Related options')}
4,orphan_remote,product:112427:11246,product,112427,Hyde Park Cart - Hotel Luggage Carrier,/hyde-park-cart-hotel-luggage-carrier/,11246,internal_links_html,link_html,missing,,https://www.hotels4humanity.com/hyde-park-cart-hotel-luggage-carrier/,$html=(Invoke-WebRequest -Uri 'https://www.hotels4humanity.com/hyde-park-cart-hotel-luggage-carrier/' -UseBasicParsing -TimeoutSec 60).Content; [PSCustomObject]@{ContainsRouteAuthorityBlock=($html -match 'h4h-internal-links'); ContainsExpectedHeading=($html -match 'Related options')}
4,orphan_remote,product:112428:11247,product,112428,Easy Movers Bellman Cart | Stainless Steel,/easy-movers-bellman-cart-stainless-steel/,11247,internal_links_html,link_html,missing,,https://www.hotels4humanity.com/easy-movers-bellman-cart-stainless-steel/,$html=(Invoke-WebRequest -Uri 'https://www.hotels4humanity.com/easy-movers-bellman-cart-stainless-steel/' -UseBasicParsing -TimeoutSec 60).Content; [PSCustomObject]@{ContainsRouteAuthorityBlock=($html -match 'h4h-internal-links'); ContainsExpectedHeading=($html -match 'Related options')}
