option_sku,option_sku_compact,base_sku_norm,base_sku_raw,sheet_name,header_row,data_row,price_column_index,size_hint,case_pack,price_each,sku_case_cost,name_color_source,color_label,color_code,color_key,derivation_rule
SPCNA-C001-S72X72-PK12,SPCNAC001S72X72PK12,SPCNA,SPCNA,Stocked,9,10,4,"72"" x 72""",12,10.5,126,Dobbie Sparkle White-1,White,1,C001,base_sku + color + size + case_pack
SP-C001-S72X72-PK12,SPC001S72X72PK12,SP,SP,Stocked,9,11,4,"72"" x 72""",12,18.3,219.60000000000002,"Dobbie White-1, Beige-2",White,1,C001,base_sku + color + size + case_pack
SP-C002-S72X72-PK12,SPC002S72X72PK12,SP,SP,Stocked,9,11,4,"72"" x 72""",12,18.3,219.60000000000002,"Dobbie White-1, Beige-2",Beige,2,C002,base_sku + color + size + case_pack
SP-C001-S48X72-PK18,SPC001S48X72PK18,SP,SP,Stocked,9,11,5,"48"" x 72""",18,17.75,319.5,"Dobbie White-1, Beige-2",White,1,C001,base_sku + color + size + case_pack
SP-C002-S48X72-PK18,SPC002S48X72PK18,SP,SP,Stocked,9,11,5,"48"" x 72""",18,17.75,319.5,"Dobbie White-1, Beige-2",Beige,2,C002,base_sku + color + size + case_pack
SP-C001-S42X72-PK18,SPC001S42X72PK18,SP,SP,Stocked,9,11,6,"42"" x 72""",18,16.1,289.8,"Dobbie White-1, Beige-2",White,1,C001,base_sku + color + size + case_pack
SP-C002-S42X72-PK18,SPC002S42X72PK18,SP,SP,Stocked,9,11,6,"42"" x 72""",18,16.1,289.8,"Dobbie White-1, Beige-2",Beige,2,C002,base_sku + color + size + case_pack
SP-C001-S36X72-PK24,SPC001S36X72PK24,SP,SP,Stocked,9,11,7,"36"" x 72""",24,11,264,"Dobbie White-1, Beige-2",White,1,C001,base_sku + color + size + case_pack
SP-C002-S36X72-PK24,SPC002S36X72PK24,SP,SP,Stocked,9,11,7,"36"" x 72""",24,11,264,"Dobbie White-1, Beige-2",Beige,2,C002,base_sku + color + size + case_pack
SP-C007-S72X72-PK12,SPC007S72X72PK12,SP,SP,Stocked,9,12,4,"72"" x 72""",12,18.3,219.60000000000002,"Dobbie Sparkle Blue-7, Jade-23, Bayberry-35",Blue,7,C007,base_sku + color + size + case_pack
SP-C023-S72X72-PK12,SPC023S72X72PK12,SP,SP,Stocked,9,12,4,"72"" x 72""",12,18.3,219.60000000000002,"Dobbie Sparkle Blue-7, Jade-23, Bayberry-35",Jade,23,C023,base_sku + color + size + case_pack
SP-C035-S72X72-PK12,SPC035S72X72PK12,SP,SP,Stocked,9,12,4,"72"" x 72""",12,18.3,219.60000000000002,"Dobbie Sparkle Blue-7, Jade-23, Bayberry-35",Bayberry,35,C035,base_sku + color + size + case_pack
SP-C007-S48X72-PK18,SPC007S48X72PK18,SP,SP,Stocked,9,12,5,"48"" x 72""",18,17.75,319.5,"Dobbie Sparkle Blue-7, Jade-23, Bayberry-35",Blue,7,C007,base_sku + color + size + case_pack
SP-C023-S48X72-PK18,SPC023S48X72PK18,SP,SP,Stocked,9,12,5,"48"" x 72""",18,17.75,319.5,"Dobbie Sparkle Blue-7, Jade-23, Bayberry-35",Jade,23,C023,base_sku + color + size + case_pack
SP-C035-S48X72-PK18,SPC035S48X72PK18,SP,SP,Stocked,9,12,5,"48"" x 72""",18,17.75,319.5,"Dobbie Sparkle Blue-7, Jade-23, Bayberry-35",Bayberry,35,C035,base_sku + color + size + case_pack
SP-C007-S42X72-PK18,SPC007S42X72PK18,SP,SP,Stocked,9,12,6,"42"" x 72""",18,16.1,289.8,"Dobbie Sparkle Blue-7, Jade-23, Bayberry-35",Blue,7,C007,base_sku + color + size + case_pack
SP-C023-S42X72-PK18,SPC023S42X72PK18,SP,SP,Stocked,9,12,6,"42"" x 72""",18,16.1,289.8,"Dobbie Sparkle Blue-7, Jade-23, Bayberry-35",Jade,23,C023,base_sku + color + size + case_pack
SP-C035-S42X72-PK18,SPC035S42X72PK18,SP,SP,Stocked,9,12,6,"42"" x 72""",18,16.1,289.8,"Dobbie Sparkle Blue-7, Jade-23, Bayberry-35",Bayberry,35,C035,base_sku + color + size + case_pack
SP-C007-S36X72-PK24,SPC007S36X72PK24,SP,SP,Stocked,9,12,7,"36"" x 72""",24,11,264,"Dobbie Sparkle Blue-7, Jade-23, Bayberry-35",Blue,7,C007,base_sku + color + size + case_pack
SP-C023-S36X72-PK24,SPC023S36X72PK24,SP,SP,Stocked,9,12,7,"36"" x 72""",24,11,264,"Dobbie Sparkle Blue-7, Jade-23, Bayberry-35",Jade,23,C023,base_sku + color + size + case_pack
SP-C035-S36X72-PK24,SPC035S36X72PK24,SP,SP,Stocked,9,12,7,"36"" x 72""",24,11,264,"Dobbie Sparkle Blue-7, Jade-23, Bayberry-35",Bayberry,35,C035,base_sku + color + size + case_pack
DY-C001-S72X72-PK12,DYC001S72X72PK12,DY,DY,Stocked,9,13,4,"72"" x 72""",12,14.9,178.8,"Dynasty White-1, Beige-2",White,1,C001,base_sku + color + size + case_pack
DY-C002-S72X72-PK12,DYC002S72X72PK12,DY,DY,Stocked,9,13,4,"72"" x 72""",12,14.9,178.8,"Dynasty White-1, Beige-2",Beige,2,C002,base_sku + color + size + case_pack
DY-C001-S48X72-PK18,DYC001S48X72PK18,DY,DY,Stocked,9,13,5,"48"" x 72""",18,14.45,260.09999999999997,"Dynasty White-1, Beige-2",White,1,C001,base_sku + color + size + case_pack
DY-C002-S48X72-PK18,DYC002S48X72PK18,DY,DY,Stocked,9,13,5,"48"" x 72""",18,14.45,260.09999999999997,"Dynasty White-1, Beige-2",Beige,2,C002,base_sku + color + size + case_pack
DY-C001-S42X72-PK18,DYC001S42X72PK18,DY,DY,Stocked,9,13,6,"42"" x 72""",18,13.1,235.79999999999998,"Dynasty White-1, Beige-2",White,1,C001,base_sku + color + size + case_pack
DY-C002-S42X72-PK18,DYC002S42X72PK18,DY,DY,Stocked,9,13,6,"42"" x 72""",18,13.1,235.79999999999998,"Dynasty White-1, Beige-2",Beige,2,C002,base_sku + color + size + case_pack
DY-C001-S36X72-PK24,DYC001S36X72PK24,DY,DY,Stocked,9,13,7,"36"" x 72""",24,8.95,214.79999999999998,"Dynasty White-1, Beige-2",White,1,C001,base_sku + color + size + case_pack
DY-C002-S36X72-PK24,DYC002S36X72PK24,DY,DY,Stocked,9,13,7,"36"" x 72""",24,8.95,214.79999999999998,"Dynasty White-1, Beige-2",Beige,2,C002,base_sku + color + size + case_pack
GKNA-C001-S72X72-PK12,GKNAC001S72X72PK12,G-KNA,G-KNA,Stocked,9,14,4,"72"" x 72""",12,12.2,146.39999999999998,Karlon (Green) Eco-friendly White-1,White,1,C001,base_sku + color + size + case_pack
KN-C001-S72X72-PK12,KNC001S72X72PK12,KN,KN,Stocked,9,15,4,"72"" x 72""",12,15.8,189.60000000000002,"Karlon Polyester White-1, Beige-2, Blue-7, Gray-11, 
Dusk Rose-20",White,1,C001,base_sku + color + size + case_pack
KN-C002-S72X72-PK12,KNC002S72X72PK12,KN,KN,Stocked,9,15,4,"72"" x 72""",12,15.8,189.60000000000002,"Karlon Polyester White-1, Beige-2, Blue-7, Gray-11, 
Dusk Rose-20",Beige,2,C002,base_sku + color + size + case_pack
KN-C007-S72X72-PK12,KNC007S72X72PK12,KN,KN,Stocked,9,15,4,"72"" x 72""",12,15.8,189.60000000000002,"Karlon Polyester White-1, Beige-2, Blue-7, Gray-11, 
Dusk Rose-20",Blue,7,C007,base_sku + color + size + case_pack
KN-C011-S72X72-PK12,KNC011S72X72PK12,KN,KN,Stocked,9,15,4,"72"" x 72""",12,15.8,189.60000000000002,"Karlon Polyester White-1, Beige-2, Blue-7, Gray-11, 
Dusk Rose-20",Gray,11,C011,base_sku + color + size + case_pack
KN-C020-S72X72-PK12,KNC020S72X72PK12,KN,KN,Stocked,9,15,4,"72"" x 72""",12,15.8,189.60000000000002,"Karlon Polyester White-1, Beige-2, Blue-7, Gray-11, 
Dusk Rose-20",Dusk Rose,20,C020,base_sku + color + size + case_pack
KN-C001-S48X72-PK18,KNC001S48X72PK18,KN,KN,Stocked,9,15,5,"48"" x 72""",18,15.35,276.3,"Karlon Polyester White-1, Beige-2, Blue-7, Gray-11, 
Dusk Rose-20",White,1,C001,base_sku + color + size + case_pack
KN-C002-S48X72-PK18,KNC002S48X72PK18,KN,KN,Stocked,9,15,5,"48"" x 72""",18,15.35,276.3,"Karlon Polyester White-1, Beige-2, Blue-7, Gray-11, 
Dusk Rose-20",Beige,2,C002,base_sku + color + size + case_pack
KN-C007-S48X72-PK18,KNC007S48X72PK18,KN,KN,Stocked,9,15,5,"48"" x 72""",18,15.35,276.3,"Karlon Polyester White-1, Beige-2, Blue-7, Gray-11, 
Dusk Rose-20",Blue,7,C007,base_sku + color + size + case_pack
KN-C011-S48X72-PK18,KNC011S48X72PK18,KN,KN,Stocked,9,15,5,"48"" x 72""",18,15.35,276.3,"Karlon Polyester White-1, Beige-2, Blue-7, Gray-11, 
Dusk Rose-20",Gray,11,C011,base_sku + color + size + case_pack
KN-C020-S48X72-PK18,KNC020S48X72PK18,KN,KN,Stocked,9,15,5,"48"" x 72""",18,15.35,276.3,"Karlon Polyester White-1, Beige-2, Blue-7, Gray-11, 
Dusk Rose-20",Dusk Rose,20,C020,base_sku + color + size + case_pack
KN-C001-S42X72-PK18,KNC001S42X72PK18,KN,KN,Stocked,9,15,6,"42"" x 72""",18,13.9,250.20000000000002,"Karlon Polyester White-1, Beige-2, Blue-7, Gray-11, 
Dusk Rose-20",White,1,C001,base_sku + color + size + case_pack
KN-C002-S42X72-PK18,KNC002S42X72PK18,KN,KN,Stocked,9,15,6,"42"" x 72""",18,13.9,250.20000000000002,"Karlon Polyester White-1, Beige-2, Blue-7, Gray-11, 
Dusk Rose-20",Beige,2,C002,base_sku + color + size + case_pack
KN-C007-S42X72-PK18,KNC007S42X72PK18,KN,KN,Stocked,9,15,6,"42"" x 72""",18,13.9,250.20000000000002,"Karlon Polyester White-1, Beige-2, Blue-7, Gray-11, 
Dusk Rose-20",Blue,7,C007,base_sku + color + size + case_pack
KN-C011-S42X72-PK18,KNC011S42X72PK18,KN,KN,Stocked,9,15,6,"42"" x 72""",18,13.9,250.20000000000002,"Karlon Polyester White-1, Beige-2, Blue-7, Gray-11, 
Dusk Rose-20",Gray,11,C011,base_sku + color + size + case_pack
KN-C020-S42X72-PK18,KNC020S42X72PK18,KN,KN,Stocked,9,15,6,"42"" x 72""",18,13.9,250.20000000000002,"Karlon Polyester White-1, Beige-2, Blue-7, Gray-11, 
Dusk Rose-20",Dusk Rose,20,C020,base_sku + color + size + case_pack
KN-C001-S36X72-PK24,KNC001S36X72PK24,KN,KN,Stocked,9,15,7,"36"" x 72""",24,9.5,228,"Karlon Polyester White-1, Beige-2, Blue-7, Gray-11, 
Dusk Rose-20",White,1,C001,base_sku + color + size + case_pack
KN-C002-S36X72-PK24,KNC002S36X72PK24,KN,KN,Stocked,9,15,7,"36"" x 72""",24,9.5,228,"Karlon Polyester White-1, Beige-2, Blue-7, Gray-11, 
Dusk Rose-20",Beige,2,C002,base_sku + color + size + case_pack
KN-C007-S36X72-PK24,KNC007S36X72PK24,KN,KN,Stocked,9,15,7,"36"" x 72""",24,9.5,228,"Karlon Polyester White-1, Beige-2, Blue-7, Gray-11, 
Dusk Rose-20",Blue,7,C007,base_sku + color + size + case_pack
KN-C011-S36X72-PK24,KNC011S36X72PK24,KN,KN,Stocked,9,15,7,"36"" x 72""",24,9.5,228,"Karlon Polyester White-1, Beige-2, Blue-7, Gray-11, 
Dusk Rose-20",Gray,11,C011,base_sku + color + size + case_pack
KN-C020-S36X72-PK24,KNC020S36X72PK24,KN,KN,Stocked,9,15,7,"36"" x 72""",24,9.5,228,"Karlon Polyester White-1, Beige-2, Blue-7, Gray-11, 
Dusk Rose-20",Dusk Rose,20,C020,base_sku + color + size + case_pack
ML-C001-S72X72-PK12,MLC001S72X72PK12,ML,ML,Stocked,9,16,4,"72"" x 72""",12,17.2,206.39999999999998,"Millennium White-1, Brown -10",White,1,C001,base_sku + color + size + case_pack
ML-C010-S72X72-PK12,MLC010S72X72PK12,ML,ML,Stocked,9,16,4,"72"" x 72""",12,17.2,206.39999999999998,"Millennium White-1, Brown -10",Brown,10,C010,base_sku + color + size + case_pack
ML-C001-S48X72-PK18,MLC001S48X72PK18,ML,ML,Stocked,9,16,5,"48"" x 72""",18,16.7,300.59999999999997,"Millennium White-1, Brown -10",White,1,C001,base_sku + color + size + case_pack
ML-C010-S48X72-PK18,MLC010S48X72PK18,ML,ML,Stocked,9,16,5,"48"" x 72""",18,16.7,300.59999999999997,"Millennium White-1, Brown -10",Brown,10,C010,base_sku + color + size + case_pack
ML-C001-S42X72-PK18,MLC001S42X72PK18,ML,ML,Stocked,9,16,6,"42"" x 72""",18,15.15,272.7,"Millennium White-1, Brown -10",White,1,C001,base_sku + color + size + case_pack
ML-C010-S42X72-PK18,MLC010S42X72PK18,ML,ML,Stocked,9,16,6,"42"" x 72""",18,15.15,272.7,"Millennium White-1, Brown -10",Brown,10,C010,base_sku + color + size + case_pack
ML-C001-S36X72-PK24,MLC001S36X72PK24,ML,ML,Stocked,9,16,7,"36"" x 72""",24,10.3,247.20000000000002,"Millennium White-1, Brown -10",White,1,C001,base_sku + color + size + case_pack
ML-C010-S36X72-PK24,MLC010S36X72PK24,ML,ML,Stocked,9,16,7,"36"" x 72""",24,10.3,247.20000000000002,"Millennium White-1, Brown -10",Brown,10,C010,base_sku + color + size + case_pack
NYCH7272-C002-S72X72-PK12,NYCH7272C002S72X72PK12,NYCH7272,NYCH7272,Stocked,9,17,4,"72"" x 72""",12,11.3,135.60000000000002,Nylon Beige-2,Beige,2,C002,base_sku + color + size + case_pack
NYVNA-C001-S72X72-PK12,NYVNAC001S72X72PK12,NYVNA,NYVNA,Stocked,9,18,4,"72"" x 72""",12,11.3,135.60000000000002,Nylon White-1,White,1,C001,base_sku + color + size + case_pack
NYVNAMW-C001-S72X72-PK12,NYVNAMWC001S72X72PK12,NYVNAMW,NYVNA MW,Stocked,9,19,4,"72"" x 72""",12,12.4,148.8,Nylon White-1 with magnetic weights,White,1,C001,base_sku + color + size + case_pack
NY-C001-S72X72-PK12,NYC001S72X72PK12,NY,NY,Stocked,9,20,4,"72"" x 72""",12,17.6,211.20000000000002,"Nylon White-1, Green-8",White,1,C001,base_sku + color + size + case_pack
NY-C008-S72X72-PK12,NYC008S72X72PK12,NY,NY,Stocked,9,20,4,"72"" x 72""",12,17.6,211.20000000000002,"Nylon White-1, Green-8",Green,8,C008,base_sku + color + size + case_pack
NY-C001-S48X72-PK18,NYC001S48X72PK18,NY,NY,Stocked,9,20,5,"48"" x 72""",18,17.05,306.90000000000003,"Nylon White-1, Green-8",White,1,C001,base_sku + color + size + case_pack
NY-C008-S48X72-PK18,NYC008S48X72PK18,NY,NY,Stocked,9,20,5,"48"" x 72""",18,17.05,306.90000000000003,"Nylon White-1, Green-8",Green,8,C008,base_sku + color + size + case_pack
NY-C001-S42X72-PK18,NYC001S42X72PK18,NY,NY,Stocked,9,20,6,"42"" x 72""",18,15.5,279,"Nylon White-1, Green-8",White,1,C001,base_sku + color + size + case_pack
NY-C008-S42X72-PK18,NYC008S42X72PK18,NY,NY,Stocked,9,20,6,"42"" x 72""",18,15.5,279,"Nylon White-1, Green-8",Green,8,C008,base_sku + color + size + case_pack
NY-C001-S36X72-PK24,NYC001S36X72PK24,NY,NY,Stocked,9,20,7,"36"" x 72""",24,10.25,246,"Nylon White-1, Green-8",White,1,C001,base_sku + color + size + case_pack
NY-C008-S36X72-PK24,NYC008S36X72PK24,NY,NY,Stocked,9,20,7,"36"" x 72""",24,10.25,246,"Nylon White-1, Green-8",Green,8,C008,base_sku + color + size + case_pack
SN-C002-S72X72-PK12,SNC002S72X72PK12,SN,SN,Stocked,9,21,4,"72"" x 72""",12,16.8,201.60000000000002,Satein Beige-2,Beige,2,C002,base_sku + color + size + case_pack
SN-C002-S48X72-PK18,SNC002S48X72PK18,SN,SN,Stocked,9,21,5,"48"" x 72""",18,16.3,293.40000000000003,Satein Beige-2,Beige,2,C002,base_sku + color + size + case_pack
SN-C002-S42X72-PK18,SNC002S42X72PK18,SN,SN,Stocked,9,21,6,"42"" x 72""",18,14.8,266.40000000000003,Satein Beige-2,Beige,2,C002,base_sku + color + size + case_pack
SN-C002-S36X72-PK24,SNC002S36X72PK24,SN,SN,Stocked,9,21,7,"36"" x 72""",24,10.55,253.20000000000002,Satein Beige-2,Beige,2,C002,base_sku + color + size + case_pack
SNW-C001-S72X72-PK12,SNWC001S72X72PK12,SNW,SNW,Stocked,9,22,4,"72"" x 72""",12,17.1,205.20000000000002,"Satein Woven White-1, Beige-2",White,1,C001,base_sku + color + size + case_pack
SNW-C002-S72X72-PK12,SNWC002S72X72PK12,SNW,SNW,Stocked,9,22,4,"72"" x 72""",12,17.1,205.20000000000002,"Satein Woven White-1, Beige-2",Beige,2,C002,base_sku + color + size + case_pack
SNW-C001-S48X72-PK18,SNWC001S48X72PK18,SNW,SNW,Stocked,9,22,5,"48"" x 72""",18,16.6,298.8,"Satein Woven White-1, Beige-2",White,1,C001,base_sku + color + size + case_pack
SNW-C002-S48X72-PK18,SNWC002S48X72PK18,SNW,SNW,Stocked,9,22,5,"48"" x 72""",18,16.6,298.8,"Satein Woven White-1, Beige-2",Beige,2,C002,base_sku + color + size + case_pack
SNW-C001-S42X72-PK18,SNWC001S42X72PK18,SNW,SNW,Stocked,9,22,6,"42"" x 72""",18,15.05,270.90000000000003,"Satein Woven White-1, Beige-2",White,1,C001,base_sku + color + size + case_pack
SNW-C002-S42X72-PK18,SNWC002S42X72PK18,SNW,SNW,Stocked,9,22,6,"42"" x 72""",18,15.05,270.90000000000003,"Satein Woven White-1, Beige-2",Beige,2,C002,base_sku + color + size + case_pack
SNW-C001-S36X72-PK24,SNWC001S36X72PK24,SNW,SNW,Stocked,9,22,7,"36"" x 72""",24,10.25,246,"Satein Woven White-1, Beige-2",White,1,C001,base_sku + color + size + case_pack
SNW-C002-S36X72-PK24,SNWC002S36X72PK24,SNW,SNW,Stocked,9,22,7,"36"" x 72""",24,10.25,246,"Satein Woven White-1, Beige-2",Beige,2,C002,base_sku + color + size + case_pack
SBOXA-C001-S72X72-PK12,SBOXAC001S72X72PK12,SBOXA,SBOXA,Stocked,9,23,4,"72"" x 72""",12,13.9,166.8,Satin Box White-1,White,1,C001,base_sku + color + size + case_pack
SBOX72-C001-S72X72-PK12,SBOX72C001S72X72PK12,SBOX72,SBOX72,Stocked,9,24,4,"72"" x 72""",12,17.35,208.20000000000002,Satin Box White-1,White,1,C001,base_sku + color + size + case_pack
SBOX72-C001-S48X72-PK18,SBOX72C001S48X72PK18,SBOX72,SBOX72,Stocked,9,24,5,"48"" x 72""",18,16.8,302.40000000000003,Satin Box White-1,White,1,C001,base_sku + color + size + case_pack
SBOX72-C001-S42X72-PK18,SBOX72C001S42X72PK18,SBOX72,SBOX72,Stocked,9,24,6,"42"" x 72""",18,15.25,274.5,Satin Box White-1,White,1,C001,base_sku + color + size + case_pack
SBOX72-C001-S36X72-PK24,SBOX72C001S36X72PK24,SBOX72,SBOX72,Stocked,9,24,7,"36"" x 72""",24,10.4,249.60000000000002,Satin Box White-1,White,1,C001,base_sku + color + size + case_pack
VCA-C001-S72X72-PK12,VCAC001S72X72PK12,VCA,VCA,Stocked,9,25,4,"72"" x 72""",12,14,168,"Vision Check White-1, Beige-2",White,1,C001,base_sku + color + size + case_pack
VCA-C002-S72X72-PK12,VCAC002S72X72PK12,VCA,VCA,Stocked,9,25,4,"72"" x 72""",12,14,168,"Vision Check White-1, Beige-2",Beige,2,C002,base_sku + color + size + case_pack
GRTHPSA-C011-S72X72-PK12,GRTHPSAC011S72X72PK12,GRT-HPSA,GRT-HPSA,Stocked,9,26,4,"72"" x 72""",12,19.2,230.39999999999998,(Green) Handpainted Stripe Grey-11,Grey,11,C011,base_sku + color + size + case_pack
GRTWCFA-C007-S72X72-PK12,GRTWCFAC007S72X72PK12,GRT-WCFA,GRT-WCFA,Stocked,9,27,4,"72"" x 72""",12,19.2,230.39999999999998,(Green) Watercolor Fish Blue-7,Blue,7,C007,base_sku + color + size + case_pack
GRTHA-C007-S72X72-PK12,GRTHAC007S72X72PK12,GRT-HA,GRT-HA,Stocked,9,28,4,"72"" x 72""",12,19.2,230.39999999999998,(Green) Hayes Blue-7,Blue,7,C007,base_sku + color + size + case_pack
DK-C001-S72X72-PK12,DKC001S72X72PK12,DK,DK,Stocked,9,30,4,"72"" x 72""",12,25.25,303,"Duck Twill White-1, Beige-2 (100% Cotton)",White,1,C001,base_sku + color + size + case_pack
DK-C002-S72X72-PK12,DKC002S72X72PK12,DK,DK,Stocked,9,30,4,"72"" x 72""",12,25.25,303,"Duck Twill White-1, Beige-2 (100% Cotton)",Beige,2,C002,base_sku + color + size + case_pack
DK-C001-S48X72-PK18,DKC001S48X72PK18,DK,DK,Stocked,9,30,5,"48"" x 72""",18,24.5,441,"Duck Twill White-1, Beige-2 (100% Cotton)",White,1,C001,base_sku + color + size + case_pack
DK-C002-S48X72-PK18,DKC002S48X72PK18,DK,DK,Stocked,9,30,5,"48"" x 72""",18,24.5,441,"Duck Twill White-1, Beige-2 (100% Cotton)",Beige,2,C002,base_sku + color + size + case_pack
DK-C001-S42X72-PK18,DKC001S42X72PK18,DK,DK,Stocked,9,30,6,"42"" x 72""",18,22.2,399.59999999999997,"Duck Twill White-1, Beige-2 (100% Cotton)",White,1,C001,base_sku + color + size + case_pack
DK-C002-S42X72-PK18,DKC002S42X72PK18,DK,DK,Stocked,9,30,6,"42"" x 72""",18,22.2,399.59999999999997,"Duck Twill White-1, Beige-2 (100% Cotton)",Beige,2,C002,base_sku + color + size + case_pack
DK-C001-S36X72-PK24,DKC001S36X72PK24,DK,DK,Stocked,9,30,7,"36"" x 72""",24,15.15,363.6,"Duck Twill White-1, Beige-2 (100% Cotton)",White,1,C001,base_sku + color + size + case_pack
DK-C002-S36X72-PK24,DKC002S36X72PK24,DK,DK,Stocked,9,30,7,"36"" x 72""",24,15.15,363.6,"Duck Twill White-1, Beige-2 (100% Cotton)",Beige,2,C002,base_sku + color + size + case_pack
CH-C011-S72X72-PK12,CHC011S72X72PK12,CH,CH,Stocked,33,34,4,"72"" x 72""",12,Pricing available based on individual project requirements,,"Crosshatch (has 20"" of integral mesh) Cool Gray-11, Cooper-73, Taupe-82                
standard w/ metal grommets",Cool Gray,11,C011,base_sku + color + size + case_pack
CH-C073-S72X72-PK12,CHC073S72X72PK12,CH,CH,Stocked,33,34,4,"72"" x 72""",12,Pricing available based on individual project requirements,,"Crosshatch (has 20"" of integral mesh) Cool Gray-11, Cooper-73, Taupe-82                
standard w/ metal grommets",Cooper,73,C073,base_sku + color + size + case_pack
CH-C082-S72X72-PK12,CHC082S72X72PK12,CH,CH,Stocked,33,34,4,"72"" x 72""",12,Pricing available based on individual project requirements,,"Crosshatch (has 20"" of integral mesh) Cool Gray-11, Cooper-73, Taupe-82                
standard w/ metal grommets",Taupe,82,C082,base_sku + color + size + case_pack
GR-C036-S72X72-PK12,GRC036S72X72PK12,GR,GR,Stocked,33,35,4,"72"" x 72""",12,Pricing available based on individual project requirements,,"Gracie Dune-36, Malt-45, Pearl-46, Auburn-49, Mocha-50, Palm-59, Buff-61, Steel-83, Copen-86, Cork-90, Mesa-94, Pine-95                          
standard w/ sewn eyelets",Dune,36,C036,base_sku + color + size + case_pack
GR-C045-S72X72-PK12,GRC045S72X72PK12,GR,GR,Stocked,33,35,4,"72"" x 72""",12,Pricing available based on individual project requirements,,"Gracie Dune-36, Malt-45, Pearl-46, Auburn-49, Mocha-50, Palm-59, Buff-61, Steel-83, Copen-86, Cork-90, Mesa-94, Pine-95                          
standard w/ sewn eyelets",Malt,45,C045,base_sku + color + size + case_pack
GR-C046-S72X72-PK12,GRC046S72X72PK12,GR,GR,Stocked,33,35,4,"72"" x 72""",12,Pricing available based on individual project requirements,,"Gracie Dune-36, Malt-45, Pearl-46, Auburn-49, Mocha-50, Palm-59, Buff-61, Steel-83, Copen-86, Cork-90, Mesa-94, Pine-95                          
standard w/ sewn eyelets",Pearl,46,C046,base_sku + color + size + case_pack
GR-C049-S72X72-PK12,GRC049S72X72PK12,GR,GR,Stocked,33,35,4,"72"" x 72""",12,Pricing available based on individual project requirements,,"Gracie Dune-36, Malt-45, Pearl-46, Auburn-49, Mocha-50, Palm-59, Buff-61, Steel-83, Copen-86, Cork-90, Mesa-94, Pine-95                          
standard w/ sewn eyelets",Auburn,49,C049,base_sku + color + size + case_pack
GR-C050-S72X72-PK12,GRC050S72X72PK12,GR,GR,Stocked,33,35,4,"72"" x 72""",12,Pricing available based on individual project requirements,,"Gracie Dune-36, Malt-45, Pearl-46, Auburn-49, Mocha-50, Palm-59, Buff-61, Steel-83, Copen-86, Cork-90, Mesa-94, Pine-95                          
standard w/ sewn eyelets",Mocha,50,C050,base_sku + color + size + case_pack
GR-C059-S72X72-PK12,GRC059S72X72PK12,GR,GR,Stocked,33,35,4,"72"" x 72""",12,Pricing available based on individual project requirements,,"Gracie Dune-36, Malt-45, Pearl-46, Auburn-49, Mocha-50, Palm-59, Buff-61, Steel-83, Copen-86, Cork-90, Mesa-94, Pine-95                          
standard w/ sewn eyelets",Palm,59,C059,base_sku + color + size + case_pack
GR-C061-S72X72-PK12,GRC061S72X72PK12,GR,GR,Stocked,33,35,4,"72"" x 72""",12,Pricing available based on individual project requirements,,"Gracie Dune-36, Malt-45, Pearl-46, Auburn-49, Mocha-50, Palm-59, Buff-61, Steel-83, Copen-86, Cork-90, Mesa-94, Pine-95                          
standard w/ sewn eyelets",Buff,61,C061,base_sku + color + size + case_pack
GR-C083-S72X72-PK12,GRC083S72X72PK12,GR,GR,Stocked,33,35,4,"72"" x 72""",12,Pricing available based on individual project requirements,,"Gracie Dune-36, Malt-45, Pearl-46, Auburn-49, Mocha-50, Palm-59, Buff-61, Steel-83, Copen-86, Cork-90, Mesa-94, Pine-95                          
standard w/ sewn eyelets",Steel,83,C083,base_sku + color + size + case_pack
GR-C086-S72X72-PK12,GRC086S72X72PK12,GR,GR,Stocked,33,35,4,"72"" x 72""",12,Pricing available based on individual project requirements,,"Gracie Dune-36, Malt-45, Pearl-46, Auburn-49, Mocha-50, Palm-59, Buff-61, Steel-83, Copen-86, Cork-90, Mesa-94, Pine-95                          
standard w/ sewn eyelets",Copen,86,C086,base_sku + color + size + case_pack
GR-C090-S72X72-PK12,GRC090S72X72PK12,GR,GR,Stocked,33,35,4,"72"" x 72""",12,Pricing available based on individual project requirements,,"Gracie Dune-36, Malt-45, Pearl-46, Auburn-49, Mocha-50, Palm-59, Buff-61, Steel-83, Copen-86, Cork-90, Mesa-94, Pine-95                          
standard w/ sewn eyelets",Cork,90,C090,base_sku + color + size + case_pack
GR-C094-S72X72-PK12,GRC094S72X72PK12,GR,GR,Stocked,33,35,4,"72"" x 72""",12,Pricing available based on individual project requirements,,"Gracie Dune-36, Malt-45, Pearl-46, Auburn-49, Mocha-50, Palm-59, Buff-61, Steel-83, Copen-86, Cork-90, Mesa-94, Pine-95                          
standard w/ sewn eyelets",Mesa,94,C094,base_sku + color + size + case_pack
GR-C095-S72X72-PK12,GRC095S72X72PK12,GR,GR,Stocked,33,35,4,"72"" x 72""",12,Pricing available based on individual project requirements,,"Gracie Dune-36, Malt-45, Pearl-46, Auburn-49, Mocha-50, Palm-59, Buff-61, Steel-83, Copen-86, Cork-90, Mesa-94, Pine-95                          
standard w/ sewn eyelets",Pine,95,C095,base_sku + color + size + case_pack
KNE-C001-S72X72-PK12,KNEC001S72X72PK12,KNE,KNE,Stocked,33,36,4,"72"" x 72""",12,16.3,195.60000000000002,"Karlon Executive White-1, Beige-2                             
standard w/ sewn eyelets",White,1,C001,base_sku + color + size + case_pack
KNE-C002-S72X72-PK12,KNEC002S72X72PK12,KNE,KNE,Stocked,33,36,4,"72"" x 72""",12,16.3,195.60000000000002,"Karlon Executive White-1, Beige-2                             
standard w/ sewn eyelets",Beige,2,C002,base_sku + color + size + case_pack
KNE-C001-S48X72-PK18,KNEC001S48X72PK18,KNE,KNE,Stocked,33,36,5,"48"" x 72""",18,15.8,284.40000000000003,"Karlon Executive White-1, Beige-2                             
standard w/ sewn eyelets",White,1,C001,base_sku + color + size + case_pack
KNE-C002-S48X72-PK18,KNEC002S48X72PK18,KNE,KNE,Stocked,33,36,5,"48"" x 72""",18,15.8,284.40000000000003,"Karlon Executive White-1, Beige-2                             
standard w/ sewn eyelets",Beige,2,C002,base_sku + color + size + case_pack
KNE-C001-S42X72-PK18,KNEC001S42X72PK18,KNE,KNE,Stocked,33,36,6,"42"" x 72""",18,14.35,258.3,"Karlon Executive White-1, Beige-2                             
standard w/ sewn eyelets",White,1,C001,base_sku + color + size + case_pack
KNE-C002-S42X72-PK18,KNEC002S42X72PK18,KNE,KNE,Stocked,33,36,6,"42"" x 72""",18,14.35,258.3,"Karlon Executive White-1, Beige-2                             
standard w/ sewn eyelets",Beige,2,C002,base_sku + color + size + case_pack
KNE-C001-S36X72-PK24,KNEC001S36X72PK24,KNE,KNE,Stocked,33,36,7,"36"" x 72""",24,9.8,235.20000000000002,"Karlon Executive White-1, Beige-2                             
standard w/ sewn eyelets",White,1,C001,base_sku + color + size + case_pack
KNE-C002-S36X72-PK24,KNEC002S36X72PK24,KNE,KNE,Stocked,33,36,7,"36"" x 72""",24,9.8,235.20000000000002,"Karlon Executive White-1, Beige-2                             
standard w/ sewn eyelets",Beige,2,C002,base_sku + color + size + case_pack
MA-C001-S72X72-PK12,MAC001S72X72PK12,MA,MA,Stocked,33,37,4,"72"" x 72""",12,Pricing available based on individual project requirements,,"Madeline White-1, Parchment-3, Blue-7, Peach-19, 
Claret-31, Light Sage-32, Bayberry-35, Dune-36
standard w/ sewn eyelets",White,1,C001,base_sku + color + size + case_pack
MA-C003-S72X72-PK12,MAC003S72X72PK12,MA,MA,Stocked,33,37,4,"72"" x 72""",12,Pricing available based on individual project requirements,,"Madeline White-1, Parchment-3, Blue-7, Peach-19, 
Claret-31, Light Sage-32, Bayberry-35, Dune-36
standard w/ sewn eyelets",Parchment,3,C003,base_sku + color + size + case_pack
MA-C007-S72X72-PK12,MAC007S72X72PK12,MA,MA,Stocked,33,37,4,"72"" x 72""",12,Pricing available based on individual project requirements,,"Madeline White-1, Parchment-3, Blue-7, Peach-19, 
Claret-31, Light Sage-32, Bayberry-35, Dune-36
standard w/ sewn eyelets",Blue,7,C007,base_sku + color + size + case_pack
MA-C019-S72X72-PK12,MAC019S72X72PK12,MA,MA,Stocked,33,37,4,"72"" x 72""",12,Pricing available based on individual project requirements,,"Madeline White-1, Parchment-3, Blue-7, Peach-19, 
Claret-31, Light Sage-32, Bayberry-35, Dune-36
standard w/ sewn eyelets",Peach,19,C019,base_sku + color + size + case_pack
MA-C031-S72X72-PK12,MAC031S72X72PK12,MA,MA,Stocked,33,37,4,"72"" x 72""",12,Pricing available based on individual project requirements,,"Madeline White-1, Parchment-3, Blue-7, Peach-19, 
Claret-31, Light Sage-32, Bayberry-35, Dune-36
standard w/ sewn eyelets",Claret,31,C031,base_sku + color + size + case_pack
MA-C032-S72X72-PK12,MAC032S72X72PK12,MA,MA,Stocked,33,37,4,"72"" x 72""",12,Pricing available based on individual project requirements,,"Madeline White-1, Parchment-3, Blue-7, Peach-19, 
Claret-31, Light Sage-32, Bayberry-35, Dune-36
standard w/ sewn eyelets",Light Sage,32,C032,base_sku + color + size + case_pack
MA-C035-S72X72-PK12,MAC035S72X72PK12,MA,MA,Stocked,33,37,4,"72"" x 72""",12,Pricing available based on individual project requirements,,"Madeline White-1, Parchment-3, Blue-7, Peach-19, 
Claret-31, Light Sage-32, Bayberry-35, Dune-36
standard w/ sewn eyelets",Bayberry,35,C035,base_sku + color + size + case_pack
MA-C036-S72X72-PK12,MAC036S72X72PK12,MA,MA,Stocked,33,37,4,"72"" x 72""",12,Pricing available based on individual project requirements,,"Madeline White-1, Parchment-3, Blue-7, Peach-19, 
Claret-31, Light Sage-32, Bayberry-35, Dune-36
standard w/ sewn eyelets",Dune,36,C036,base_sku + color + size + case_pack
PQ-C036-S72X72-PK12,PQC036S72X72PK12,PQ,PQ,Stocked,33,38,4,"72"" x 72""",12,Pricing available based on individual project requirements,,"Parquet Dune-36, Malt-45, Pearl-46, Mocha-50, Sand-51, Steel-83, Copen-86, Gull-87, Linen-89, Cork-90, 
Chestnut-134, Marsh-135, Kale-136, Moss-137, 
Heather-138
standard w/ sewn eyelets",Dune,36,C036,base_sku + color + size + case_pack
PQ-C045-S72X72-PK12,PQC045S72X72PK12,PQ,PQ,Stocked,33,38,4,"72"" x 72""",12,Pricing available based on individual project requirements,,"Parquet Dune-36, Malt-45, Pearl-46, Mocha-50, Sand-51, Steel-83, Copen-86, Gull-87, Linen-89, Cork-90, 
Chestnut-134, Marsh-135, Kale-136, Moss-137, 
Heather-138
standard w/ sewn eyelets",Malt,45,C045,base_sku + color + size + case_pack
PQ-C046-S72X72-PK12,PQC046S72X72PK12,PQ,PQ,Stocked,33,38,4,"72"" x 72""",12,Pricing available based on individual project requirements,,"Parquet Dune-36, Malt-45, Pearl-46, Mocha-50, Sand-51, Steel-83, Copen-86, Gull-87, Linen-89, Cork-90, 
Chestnut-134, Marsh-135, Kale-136, Moss-137, 
Heather-138
standard w/ sewn eyelets",Pearl,46,C046,base_sku + color + size + case_pack
PQ-C050-S72X72-PK12,PQC050S72X72PK12,PQ,PQ,Stocked,33,38,4,"72"" x 72""",12,Pricing available based on individual project requirements,,"Parquet Dune-36, Malt-45, Pearl-46, Mocha-50, Sand-51, Steel-83, Copen-86, Gull-87, Linen-89, Cork-90, 
Chestnut-134, Marsh-135, Kale-136, Moss-137, 
Heather-138
standard w/ sewn eyelets",Mocha,50,C050,base_sku + color + size + case_pack
PQ-C051-S72X72-PK12,PQC051S72X72PK12,PQ,PQ,Stocked,33,38,4,"72"" x 72""",12,Pricing available based on individual project requirements,,"Parquet Dune-36, Malt-45, Pearl-46, Mocha-50, Sand-51, Steel-83, Copen-86, Gull-87, Linen-89, Cork-90, 
Chestnut-134, Marsh-135, Kale-136, Moss-137, 
Heather-138
standard w/ sewn eyelets",Sand,51,C051,base_sku + color + size + case_pack
PQ-C083-S72X72-PK12,PQC083S72X72PK12,PQ,PQ,Stocked,33,38,4,"72"" x 72""",12,Pricing available based on individual project requirements,,"Parquet Dune-36, Malt-45, Pearl-46, Mocha-50, Sand-51, Steel-83, Copen-86, Gull-87, Linen-89, Cork-90, 
Chestnut-134, Marsh-135, Kale-136, Moss-137, 
Heather-138
standard w/ sewn eyelets",Steel,83,C083,base_sku + color + size + case_pack
PQ-C086-S72X72-PK12,PQC086S72X72PK12,PQ,PQ,Stocked,33,38,4,"72"" x 72""",12,Pricing available based on individual project requirements,,"Parquet Dune-36, Malt-45, Pearl-46, Mocha-50, Sand-51, Steel-83, Copen-86, Gull-87, Linen-89, Cork-90, 
Chestnut-134, Marsh-135, Kale-136, Moss-137, 
Heather-138
standard w/ sewn eyelets",Copen,86,C086,base_sku + color + size + case_pack
PQ-C087-S72X72-PK12,PQC087S72X72PK12,PQ,PQ,Stocked,33,38,4,"72"" x 72""",12,Pricing available based on individual project requirements,,"Parquet Dune-36, Malt-45, Pearl-46, Mocha-50, Sand-51, Steel-83, Copen-86, Gull-87, Linen-89, Cork-90, 
Chestnut-134, Marsh-135, Kale-136, Moss-137, 
Heather-138
standard w/ sewn eyelets",Gull,87,C087,base_sku + color + size + case_pack
PQ-C089-S72X72-PK12,PQC089S72X72PK12,PQ,PQ,Stocked,33,38,4,"72"" x 72""",12,Pricing available based on individual project requirements,,"Parquet Dune-36, Malt-45, Pearl-46, Mocha-50, Sand-51, Steel-83, Copen-86, Gull-87, Linen-89, Cork-90, 
Chestnut-134, Marsh-135, Kale-136, Moss-137, 
Heather-138
standard w/ sewn eyelets",Linen,89,C089,base_sku + color + size + case_pack
PQ-C090-S72X72-PK12,PQC090S72X72PK12,PQ,PQ,Stocked,33,38,4,"72"" x 72""",12,Pricing available based on individual project requirements,,"Parquet Dune-36, Malt-45, Pearl-46, Mocha-50, Sand-51, Steel-83, Copen-86, Gull-87, Linen-89, Cork-90, 
Chestnut-134, Marsh-135, Kale-136, Moss-137, 
Heather-138
standard w/ sewn eyelets",Cork,90,C090,base_sku + color + size + case_pack
PQ-C134-S72X72-PK12,PQC134S72X72PK12,PQ,PQ,Stocked,33,38,4,"72"" x 72""",12,Pricing available based on individual project requirements,,"Parquet Dune-36, Malt-45, Pearl-46, Mocha-50, Sand-51, Steel-83, Copen-86, Gull-87, Linen-89, Cork-90, 
Chestnut-134, Marsh-135, Kale-136, Moss-137, 
Heather-138
standard w/ sewn eyelets",Chestnut,134,C134,base_sku + color + size + case_pack
PQ-C135-S72X72-PK12,PQC135S72X72PK12,PQ,PQ,Stocked,33,38,4,"72"" x 72""",12,Pricing available based on individual project requirements,,"Parquet Dune-36, Malt-45, Pearl-46, Mocha-50, Sand-51, Steel-83, Copen-86, Gull-87, Linen-89, Cork-90, 
Chestnut-134, Marsh-135, Kale-136, Moss-137, 
Heather-138
standard w/ sewn eyelets",Marsh,135,C135,base_sku + color + size + case_pack
PQ-C136-S72X72-PK12,PQC136S72X72PK12,PQ,PQ,Stocked,33,38,4,"72"" x 72""",12,Pricing available based on individual project requirements,,"Parquet Dune-36, Malt-45, Pearl-46, Mocha-50, Sand-51, Steel-83, Copen-86, Gull-87, Linen-89, Cork-90, 
Chestnut-134, Marsh-135, Kale-136, Moss-137, 
Heather-138
standard w/ sewn eyelets",Kale,136,C136,base_sku + color + size + case_pack
PQ-C137-S72X72-PK12,PQC137S72X72PK12,PQ,PQ,Stocked,33,38,4,"72"" x 72""",12,Pricing available based on individual project requirements,,"Parquet Dune-36, Malt-45, Pearl-46, Mocha-50, Sand-51, Steel-83, Copen-86, Gull-87, Linen-89, Cork-90, 
Chestnut-134, Marsh-135, Kale-136, Moss-137, 
Heather-138
standard w/ sewn eyelets",Moss,137,C137,base_sku + color + size + case_pack
PQ-C138-S72X72-PK12,PQC138S72X72PK12,PQ,PQ,Stocked,33,38,4,"72"" x 72""",12,Pricing available based on individual project requirements,,"Parquet Dune-36, Malt-45, Pearl-46, Mocha-50, Sand-51, Steel-83, Copen-86, Gull-87, Linen-89, Cork-90, 
Chestnut-134, Marsh-135, Kale-136, Moss-137, 
Heather-138
standard w/ sewn eyelets",Heather,138,C138,base_sku + color + size + case_pack
SHLD-C001-S72X72-PK12,SHLDC001S72X72PK12,SHLD,SHLD,Stocked,33,39,4,"72"" x 72""",12,39.25,471,"Shower Shield Snow-1, Cream-4, Shadow-11, Café-57, 
Blue Moon-7, Palm-59, Doeskin-60, Buff 61              
standard w/ sewn eyelets",Snow,1,C001,base_sku + color + size + case_pack
SHLD-C004-S72X72-PK12,SHLDC004S72X72PK12,SHLD,SHLD,Stocked,33,39,4,"72"" x 72""",12,39.25,471,"Shower Shield Snow-1, Cream-4, Shadow-11, Café-57, 
Blue Moon-7, Palm-59, Doeskin-60, Buff 61              
standard w/ sewn eyelets",Cream,4,C004,base_sku + color + size + case_pack
SHLD-C011-S72X72-PK12,SHLDC011S72X72PK12,SHLD,SHLD,Stocked,33,39,4,"72"" x 72""",12,39.25,471,"Shower Shield Snow-1, Cream-4, Shadow-11, Café-57, 
Blue Moon-7, Palm-59, Doeskin-60, Buff 61              
standard w/ sewn eyelets",Shadow,11,C011,base_sku + color + size + case_pack
SHLD-C007-S72X72-PK12,SHLDC007S72X72PK12,SHLD,SHLD,Stocked,33,39,4,"72"" x 72""",12,39.25,471,"Shower Shield Snow-1, Cream-4, Shadow-11, Café-57, 
Blue Moon-7, Palm-59, Doeskin-60, Buff 61              
standard w/ sewn eyelets",Blue Moon,7,C007,base_sku + color + size + case_pack
SHLD-C059-S72X72-PK12,SHLDC059S72X72PK12,SHLD,SHLD,Stocked,33,39,4,"72"" x 72""",12,39.25,471,"Shower Shield Snow-1, Cream-4, Shadow-11, Café-57, 
Blue Moon-7, Palm-59, Doeskin-60, Buff 61              
standard w/ sewn eyelets",Palm,59,C059,base_sku + color + size + case_pack
SHLD-C060-S72X72-PK12,SHLDC060S72X72PK12,SHLD,SHLD,Stocked,33,39,4,"72"" x 72""",12,39.25,471,"Shower Shield Snow-1, Cream-4, Shadow-11, Café-57, 
Blue Moon-7, Palm-59, Doeskin-60, Buff 61              
standard w/ sewn eyelets",Doeskin,60,C060,base_sku + color + size + case_pack
SHLD-C001-S48X72-PK18,SHLDC001S48X72PK18,SHLD,SHLD,Stocked,33,39,5,"48"" x 72""",18,39.25,706.5,"Shower Shield Snow-1, Cream-4, Shadow-11, Café-57, 
Blue Moon-7, Palm-59, Doeskin-60, Buff 61              
standard w/ sewn eyelets",Snow,1,C001,base_sku + color + size + case_pack
SHLD-C004-S48X72-PK18,SHLDC004S48X72PK18,SHLD,SHLD,Stocked,33,39,5,"48"" x 72""",18,39.25,706.5,"Shower Shield Snow-1, Cream-4, Shadow-11, Café-57, 
Blue Moon-7, Palm-59, Doeskin-60, Buff 61              
standard w/ sewn eyelets",Cream,4,C004,base_sku + color + size + case_pack
SHLD-C011-S48X72-PK18,SHLDC011S48X72PK18,SHLD,SHLD,Stocked,33,39,5,"48"" x 72""",18,39.25,706.5,"Shower Shield Snow-1, Cream-4, Shadow-11, Café-57, 
Blue Moon-7, Palm-59, Doeskin-60, Buff 61              
standard w/ sewn eyelets",Shadow,11,C011,base_sku + color + size + case_pack
SHLD-C007-S48X72-PK18,SHLDC007S48X72PK18,SHLD,SHLD,Stocked,33,39,5,"48"" x 72""",18,39.25,706.5,"Shower Shield Snow-1, Cream-4, Shadow-11, Café-57, 
Blue Moon-7, Palm-59, Doeskin-60, Buff 61              
standard w/ sewn eyelets",Blue Moon,7,C007,base_sku + color + size + case_pack
SHLD-C059-S48X72-PK18,SHLDC059S48X72PK18,SHLD,SHLD,Stocked,33,39,5,"48"" x 72""",18,39.25,706.5,"Shower Shield Snow-1, Cream-4, Shadow-11, Café-57, 
Blue Moon-7, Palm-59, Doeskin-60, Buff 61              
standard w/ sewn eyelets",Palm,59,C059,base_sku + color + size + case_pack
SHLD-C060-S48X72-PK18,SHLDC060S48X72PK18,SHLD,SHLD,Stocked,33,39,5,"48"" x 72""",18,39.25,706.5,"Shower Shield Snow-1, Cream-4, Shadow-11, Café-57, 
Blue Moon-7, Palm-59, Doeskin-60, Buff 61              
standard w/ sewn eyelets",Doeskin,60,C060,base_sku + color + size + case_pack
SHLD-C001-S42X72-PK18,SHLDC001S42X72PK18,SHLD,SHLD,Stocked,33,39,6,"42"" x 72""",18,39.25,706.5,"Shower Shield Snow-1, Cream-4, Shadow-11, Café-57, 
Blue Moon-7, Palm-59, Doeskin-60, Buff 61              
standard w/ sewn eyelets",Snow,1,C001,base_sku + color + size + case_pack
SHLD-C004-S42X72-PK18,SHLDC004S42X72PK18,SHLD,SHLD,Stocked,33,39,6,"42"" x 72""",18,39.25,706.5,"Shower Shield Snow-1, Cream-4, Shadow-11, Café-57, 
Blue Moon-7, Palm-59, Doeskin-60, Buff 61              
standard w/ sewn eyelets",Cream,4,C004,base_sku + color + size + case_pack
SHLD-C011-S42X72-PK18,SHLDC011S42X72PK18,SHLD,SHLD,Stocked,33,39,6,"42"" x 72""",18,39.25,706.5,"Shower Shield Snow-1, Cream-4, Shadow-11, Café-57, 
Blue Moon-7, Palm-59, Doeskin-60, Buff 61              
standard w/ sewn eyelets",Shadow,11,C011,base_sku + color + size + case_pack
SHLD-C007-S42X72-PK18,SHLDC007S42X72PK18,SHLD,SHLD,Stocked,33,39,6,"42"" x 72""",18,39.25,706.5,"Shower Shield Snow-1, Cream-4, Shadow-11, Café-57, 
Blue Moon-7, Palm-59, Doeskin-60, Buff 61              
standard w/ sewn eyelets",Blue Moon,7,C007,base_sku + color + size + case_pack
SHLD-C059-S42X72-PK18,SHLDC059S42X72PK18,SHLD,SHLD,Stocked,33,39,6,"42"" x 72""",18,39.25,706.5,"Shower Shield Snow-1, Cream-4, Shadow-11, Café-57, 
Blue Moon-7, Palm-59, Doeskin-60, Buff 61              
standard w/ sewn eyelets",Palm,59,C059,base_sku + color + size + case_pack
SHLD-C060-S42X72-PK18,SHLDC060S42X72PK18,SHLD,SHLD,Stocked,33,39,6,"42"" x 72""",18,39.25,706.5,"Shower Shield Snow-1, Cream-4, Shadow-11, Café-57, 
Blue Moon-7, Palm-59, Doeskin-60, Buff 61              
standard w/ sewn eyelets",Doeskin,60,C060,base_sku + color + size + case_pack
SHLD-C001-S36X72-PK24,SHLDC001S36X72PK24,SHLD,SHLD,Stocked,33,39,7,"36"" x 72""",24,23.55,565.2,"Shower Shield Snow-1, Cream-4, Shadow-11, Café-57, 
Blue Moon-7, Palm-59, Doeskin-60, Buff 61              
standard w/ sewn eyelets",Snow,1,C001,base_sku + color + size + case_pack
SHLD-C004-S36X72-PK24,SHLDC004S36X72PK24,SHLD,SHLD,Stocked,33,39,7,"36"" x 72""",24,23.55,565.2,"Shower Shield Snow-1, Cream-4, Shadow-11, Café-57, 
Blue Moon-7, Palm-59, Doeskin-60, Buff 61              
standard w/ sewn eyelets",Cream,4,C004,base_sku + color + size + case_pack
SHLD-C011-S36X72-PK24,SHLDC011S36X72PK24,SHLD,SHLD,Stocked,33,39,7,"36"" x 72""",24,23.55,565.2,"Shower Shield Snow-1, Cream-4, Shadow-11, Café-57, 
Blue Moon-7, Palm-59, Doeskin-60, Buff 61              
standard w/ sewn eyelets",Shadow,11,C011,base_sku + color + size + case_pack
SHLD-C007-S36X72-PK24,SHLDC007S36X72PK24,SHLD,SHLD,Stocked,33,39,7,"36"" x 72""",24,23.55,565.2,"Shower Shield Snow-1, Cream-4, Shadow-11, Café-57, 
Blue Moon-7, Palm-59, Doeskin-60, Buff 61              
standard w/ sewn eyelets",Blue Moon,7,C007,base_sku + color + size + case_pack
SHLD-C059-S36X72-PK24,SHLDC059S36X72PK24,SHLD,SHLD,Stocked,33,39,7,"36"" x 72""",24,23.55,565.2,"Shower Shield Snow-1, Cream-4, Shadow-11, Café-57, 
Blue Moon-7, Palm-59, Doeskin-60, Buff 61              
standard w/ sewn eyelets",Palm,59,C059,base_sku + color + size + case_pack
SHLD-C060-S36X72-PK24,SHLDC060S36X72PK24,SHLD,SHLD,Stocked,33,39,7,"36"" x 72""",24,23.55,565.2,"Shower Shield Snow-1, Cream-4, Shadow-11, Café-57, 
Blue Moon-7, Palm-59, Doeskin-60, Buff 61              
standard w/ sewn eyelets",Doeskin,60,C060,base_sku + color + size + case_pack
SM-C078-S72X72-PK12,SMC078S72X72PK12,SM,SM,Stocked,33,40,4,"72"" x 72""",12,39.05,468.59999999999997,"Shower Mist Fog-78, Halo-79, Oatmeal-80 Scone-81
standard w/ sewn eyelets",Fog,78,C078,base_sku + color + size + case_pack
SM-C079-S72X72-PK12,SMC079S72X72PK12,SM,SM,Stocked,33,40,4,"72"" x 72""",12,39.05,468.59999999999997,"Shower Mist Fog-78, Halo-79, Oatmeal-80 Scone-81
standard w/ sewn eyelets",Halo,79,C079,base_sku + color + size + case_pack
SM-C080-S72X72-PK12,SMC080S72X72PK12,SM,SM,Stocked,33,40,4,"72"" x 72""",12,39.05,468.59999999999997,"Shower Mist Fog-78, Halo-79, Oatmeal-80 Scone-81
standard w/ sewn eyelets",Oatmeal,80,C080,base_sku + color + size + case_pack
SM-C081-S72X72-PK12,SMC081S72X72PK12,SM,SM,Stocked,33,40,4,"72"" x 72""",12,39.05,468.59999999999997,"Shower Mist Fog-78, Halo-79, Oatmeal-80 Scone-81
standard w/ sewn eyelets",Scone,81,C081,base_sku + color + size + case_pack
SM-C078-S48X72-PK18,SMC078S48X72PK18,SM,SM,Stocked,33,40,5,"48"" x 72""",18,39.05,702.9,"Shower Mist Fog-78, Halo-79, Oatmeal-80 Scone-81
standard w/ sewn eyelets",Fog,78,C078,base_sku + color + size + case_pack
SM-C079-S48X72-PK18,SMC079S48X72PK18,SM,SM,Stocked,33,40,5,"48"" x 72""",18,39.05,702.9,"Shower Mist Fog-78, Halo-79, Oatmeal-80 Scone-81
standard w/ sewn eyelets",Halo,79,C079,base_sku + color + size + case_pack
SM-C080-S48X72-PK18,SMC080S48X72PK18,SM,SM,Stocked,33,40,5,"48"" x 72""",18,39.05,702.9,"Shower Mist Fog-78, Halo-79, Oatmeal-80 Scone-81
standard w/ sewn eyelets",Oatmeal,80,C080,base_sku + color + size + case_pack
SM-C081-S48X72-PK18,SMC081S48X72PK18,SM,SM,Stocked,33,40,5,"48"" x 72""",18,39.05,702.9,"Shower Mist Fog-78, Halo-79, Oatmeal-80 Scone-81
standard w/ sewn eyelets",Scone,81,C081,base_sku + color + size + case_pack
SM-C078-S42X72-PK18,SMC078S42X72PK18,SM,SM,Stocked,33,40,6,"42"" x 72""",18,39.05,702.9,"Shower Mist Fog-78, Halo-79, Oatmeal-80 Scone-81
standard w/ sewn eyelets",Fog,78,C078,base_sku + color + size + case_pack
SM-C079-S42X72-PK18,SMC079S42X72PK18,SM,SM,Stocked,33,40,6,"42"" x 72""",18,39.05,702.9,"Shower Mist Fog-78, Halo-79, Oatmeal-80 Scone-81
standard w/ sewn eyelets",Halo,79,C079,base_sku + color + size + case_pack
SM-C080-S42X72-PK18,SMC080S42X72PK18,SM,SM,Stocked,33,40,6,"42"" x 72""",18,39.05,702.9,"Shower Mist Fog-78, Halo-79, Oatmeal-80 Scone-81
standard w/ sewn eyelets",Oatmeal,80,C080,base_sku + color + size + case_pack
SM-C081-S42X72-PK18,SMC081S42X72PK18,SM,SM,Stocked,33,40,6,"42"" x 72""",18,39.05,702.9,"Shower Mist Fog-78, Halo-79, Oatmeal-80 Scone-81
standard w/ sewn eyelets",Scone,81,C081,base_sku + color + size + case_pack
SM-C078-S36X72-PK24,SMC078S36X72PK24,SM,SM,Stocked,33,40,7,"36"" x 72""",24,23.45,562.8,"Shower Mist Fog-78, Halo-79, Oatmeal-80 Scone-81
standard w/ sewn eyelets",Fog,78,C078,base_sku + color + size + case_pack
SM-C079-S36X72-PK24,SMC079S36X72PK24,SM,SM,Stocked,33,40,7,"36"" x 72""",24,23.45,562.8,"Shower Mist Fog-78, Halo-79, Oatmeal-80 Scone-81
standard w/ sewn eyelets",Halo,79,C079,base_sku + color + size + case_pack
SM-C080-S36X72-PK24,SMC080S36X72PK24,SM,SM,Stocked,33,40,7,"36"" x 72""",24,23.45,562.8,"Shower Mist Fog-78, Halo-79, Oatmeal-80 Scone-81
standard w/ sewn eyelets",Oatmeal,80,C080,base_sku + color + size + case_pack
SM-C081-S36X72-PK24,SMC081S36X72PK24,SM,SM,Stocked,33,40,7,"36"" x 72""",24,23.45,562.8,"Shower Mist Fog-78, Halo-79, Oatmeal-80 Scone-81
standard w/ sewn eyelets",Scone,81,C081,base_sku + color + size + case_pack
SO-C036-S72X72-PK12,SOC036S72X72PK12,SO,SO,Stocked,33,41,4,"72"" x 72""",12,Pricing available based on individual project requirements,,"Sophia Dune-36, Pearl-46, Sand-51, Steel-83, Copen-86, Gull-87, Harvest-88, Linen-89, Cork-90, Iron-91, Surf-92, Forest-93                        
standard w/ sewn eyelets",Dune,36,C036,base_sku + color + size + case_pack
SO-C046-S72X72-PK12,SOC046S72X72PK12,SO,SO,Stocked,33,41,4,"72"" x 72""",12,Pricing available based on individual project requirements,,"Sophia Dune-36, Pearl-46, Sand-51, Steel-83, Copen-86, Gull-87, Harvest-88, Linen-89, Cork-90, Iron-91, Surf-92, Forest-93                        
standard w/ sewn eyelets",Pearl,46,C046,base_sku + color + size + case_pack
SO-C051-S72X72-PK12,SOC051S72X72PK12,SO,SO,Stocked,33,41,4,"72"" x 72""",12,Pricing available based on individual project requirements,,"Sophia Dune-36, Pearl-46, Sand-51, Steel-83, Copen-86, Gull-87, Harvest-88, Linen-89, Cork-90, Iron-91, Surf-92, Forest-93                        
standard w/ sewn eyelets",Sand,51,C051,base_sku + color + size + case_pack
SO-C083-S72X72-PK12,SOC083S72X72PK12,SO,SO,Stocked,33,41,4,"72"" x 72""",12,Pricing available based on individual project requirements,,"Sophia Dune-36, Pearl-46, Sand-51, Steel-83, Copen-86, Gull-87, Harvest-88, Linen-89, Cork-90, Iron-91, Surf-92, Forest-93                        
standard w/ sewn eyelets",Steel,83,C083,base_sku + color + size + case_pack
SO-C086-S72X72-PK12,SOC086S72X72PK12,SO,SO,Stocked,33,41,4,"72"" x 72""",12,Pricing available based on individual project requirements,,"Sophia Dune-36, Pearl-46, Sand-51, Steel-83, Copen-86, Gull-87, Harvest-88, Linen-89, Cork-90, Iron-91, Surf-92, Forest-93                        
standard w/ sewn eyelets",Copen,86,C086,base_sku + color + size + case_pack
SO-C087-S72X72-PK12,SOC087S72X72PK12,SO,SO,Stocked,33,41,4,"72"" x 72""",12,Pricing available based on individual project requirements,,"Sophia Dune-36, Pearl-46, Sand-51, Steel-83, Copen-86, Gull-87, Harvest-88, Linen-89, Cork-90, Iron-91, Surf-92, Forest-93                        
standard w/ sewn eyelets",Gull,87,C087,base_sku + color + size + case_pack
SO-C088-S72X72-PK12,SOC088S72X72PK12,SO,SO,Stocked,33,41,4,"72"" x 72""",12,Pricing available based on individual project requirements,,"Sophia Dune-36, Pearl-46, Sand-51, Steel-83, Copen-86, Gull-87, Harvest-88, Linen-89, Cork-90, Iron-91, Surf-92, Forest-93                        
standard w/ sewn eyelets",Harvest,88,C088,base_sku + color + size + case_pack
SO-C089-S72X72-PK12,SOC089S72X72PK12,SO,SO,Stocked,33,41,4,"72"" x 72""",12,Pricing available based on individual project requirements,,"Sophia Dune-36, Pearl-46, Sand-51, Steel-83, Copen-86, Gull-87, Harvest-88, Linen-89, Cork-90, Iron-91, Surf-92, Forest-93                        
standard w/ sewn eyelets",Linen,89,C089,base_sku + color + size + case_pack
SO-C090-S72X72-PK12,SOC090S72X72PK12,SO,SO,Stocked,33,41,4,"72"" x 72""",12,Pricing available based on individual project requirements,,"Sophia Dune-36, Pearl-46, Sand-51, Steel-83, Copen-86, Gull-87, Harvest-88, Linen-89, Cork-90, Iron-91, Surf-92, Forest-93                        
standard w/ sewn eyelets",Cork,90,C090,base_sku + color + size + case_pack
SO-C091-S72X72-PK12,SOC091S72X72PK12,SO,SO,Stocked,33,41,4,"72"" x 72""",12,Pricing available based on individual project requirements,,"Sophia Dune-36, Pearl-46, Sand-51, Steel-83, Copen-86, Gull-87, Harvest-88, Linen-89, Cork-90, Iron-91, Surf-92, Forest-93                        
standard w/ sewn eyelets",Iron,91,C091,base_sku + color + size + case_pack
SO-C092-S72X72-PK12,SOC092S72X72PK12,SO,SO,Stocked,33,41,4,"72"" x 72""",12,Pricing available based on individual project requirements,,"Sophia Dune-36, Pearl-46, Sand-51, Steel-83, Copen-86, Gull-87, Harvest-88, Linen-89, Cork-90, Iron-91, Surf-92, Forest-93                        
standard w/ sewn eyelets",Surf,92,C092,base_sku + color + size + case_pack
SO-C093-S72X72-PK12,SOC093S72X72PK12,SO,SO,Stocked,33,41,4,"72"" x 72""",12,Pricing available based on individual project requirements,,"Sophia Dune-36, Pearl-46, Sand-51, Steel-83, Copen-86, Gull-87, Harvest-88, Linen-89, Cork-90, Iron-91, Surf-92, Forest-93                        
standard w/ sewn eyelets",Forest,93,C093,base_sku + color + size + case_pack
SUC-C001-S72X72-PK12,SUCC001S72X72PK12,SUC,SUC,Stocked,33,42,4,"72"" x 72""",12,23.6,283.20000000000005,"Laminated Fabric
Sure Chek White-1, Beige-2, Parchment-3, Blue-7, 
Green-8, Gray-11, Black-18, Blush-21, Jade-23, Frosty-24, Smoke-25, Fern-37    standard w/ metal grommets",White,1,C001,base_sku + color + size + case_pack
SUC-C002-S72X72-PK12,SUCC002S72X72PK12,SUC,SUC,Stocked,33,42,4,"72"" x 72""",12,23.6,283.20000000000005,"Laminated Fabric
Sure Chek White-1, Beige-2, Parchment-3, Blue-7, 
Green-8, Gray-11, Black-18, Blush-21, Jade-23, Frosty-24, Smoke-25, Fern-37    standard w/ metal grommets",Beige,2,C002,base_sku + color + size + case_pack
SUC-C003-S72X72-PK12,SUCC003S72X72PK12,SUC,SUC,Stocked,33,42,4,"72"" x 72""",12,23.6,283.20000000000005,"Laminated Fabric
Sure Chek White-1, Beige-2, Parchment-3, Blue-7, 
Green-8, Gray-11, Black-18, Blush-21, Jade-23, Frosty-24, Smoke-25, Fern-37    standard w/ metal grommets",Parchment,3,C003,base_sku + color + size + case_pack
SUC-C007-S72X72-PK12,SUCC007S72X72PK12,SUC,SUC,Stocked,33,42,4,"72"" x 72""",12,23.6,283.20000000000005,"Laminated Fabric
Sure Chek White-1, Beige-2, Parchment-3, Blue-7, 
Green-8, Gray-11, Black-18, Blush-21, Jade-23, Frosty-24, Smoke-25, Fern-37    standard w/ metal grommets",Blue,7,C007,base_sku + color + size + case_pack
SUC-C008-S72X72-PK12,SUCC008S72X72PK12,SUC,SUC,Stocked,33,42,4,"72"" x 72""",12,23.6,283.20000000000005,"Laminated Fabric
Sure Chek White-1, Beige-2, Parchment-3, Blue-7, 
Green-8, Gray-11, Black-18, Blush-21, Jade-23, Frosty-24, Smoke-25, Fern-37    standard w/ metal grommets",Green,8,C008,base_sku + color + size + case_pack
SUC-C011-S72X72-PK12,SUCC011S72X72PK12,SUC,SUC,Stocked,33,42,4,"72"" x 72""",12,23.6,283.20000000000005,"Laminated Fabric
Sure Chek White-1, Beige-2, Parchment-3, Blue-7, 
Green-8, Gray-11, Black-18, Blush-21, Jade-23, Frosty-24, Smoke-25, Fern-37    standard w/ metal grommets",Gray,11,C011,base_sku + color + size + case_pack
SUC-C018-S72X72-PK12,SUCC018S72X72PK12,SUC,SUC,Stocked,33,42,4,"72"" x 72""",12,23.6,283.20000000000005,"Laminated Fabric
Sure Chek White-1, Beige-2, Parchment-3, Blue-7, 
Green-8, Gray-11, Black-18, Blush-21, Jade-23, Frosty-24, Smoke-25, Fern-37    standard w/ metal grommets",Black,18,C018,base_sku + color + size + case_pack
SUC-C021-S72X72-PK12,SUCC021S72X72PK12,SUC,SUC,Stocked,33,42,4,"72"" x 72""",12,23.6,283.20000000000005,"Laminated Fabric
Sure Chek White-1, Beige-2, Parchment-3, Blue-7, 
Green-8, Gray-11, Black-18, Blush-21, Jade-23, Frosty-24, Smoke-25, Fern-37    standard w/ metal grommets",Blush,21,C021,base_sku + color + size + case_pack
SUC-C023-S72X72-PK12,SUCC023S72X72PK12,SUC,SUC,Stocked,33,42,4,"72"" x 72""",12,23.6,283.20000000000005,"Laminated Fabric
Sure Chek White-1, Beige-2, Parchment-3, Blue-7, 
Green-8, Gray-11, Black-18, Blush-21, Jade-23, Frosty-24, Smoke-25, Fern-37    standard w/ metal grommets",Jade,23,C023,base_sku + color + size + case_pack
SUC-C024-S72X72-PK12,SUCC024S72X72PK12,SUC,SUC,Stocked,33,42,4,"72"" x 72""",12,23.6,283.20000000000005,"Laminated Fabric
Sure Chek White-1, Beige-2, Parchment-3, Blue-7, 
Green-8, Gray-11, Black-18, Blush-21, Jade-23, Frosty-24, Smoke-25, Fern-37    standard w/ metal grommets",Frosty,24,C024,base_sku + color + size + case_pack
SUC-C025-S72X72-PK12,SUCC025S72X72PK12,SUC,SUC,Stocked,33,42,4,"72"" x 72""",12,23.6,283.20000000000005,"Laminated Fabric
Sure Chek White-1, Beige-2, Parchment-3, Blue-7, 
Green-8, Gray-11, Black-18, Blush-21, Jade-23, Frosty-24, Smoke-25, Fern-37    standard w/ metal grommets",Smoke,25,C025,base_sku + color + size + case_pack
SUC-C037-S72X72-PK12,SUCC037S72X72PK12,SUC,SUC,Stocked,33,42,4,"72"" x 72""",12,23.6,283.20000000000005,"Laminated Fabric
Sure Chek White-1, Beige-2, Parchment-3, Blue-7, 
Green-8, Gray-11, Black-18, Blush-21, Jade-23, Frosty-24, Smoke-25, Fern-37    standard w/ metal grommets",Fern,37,C037,base_sku + color + size + case_pack
SUC-C001-S48X72-PK18,SUCC001S48X72PK18,SUC,SUC,Stocked,33,42,5,"48"" x 72""",18,22.9,412.2,"Laminated Fabric
Sure Chek White-1, Beige-2, Parchment-3, Blue-7, 
Green-8, Gray-11, Black-18, Blush-21, Jade-23, Frosty-24, Smoke-25, Fern-37    standard w/ metal grommets",White,1,C001,base_sku + color + size + case_pack
SUC-C002-S48X72-PK18,SUCC002S48X72PK18,SUC,SUC,Stocked,33,42,5,"48"" x 72""",18,22.9,412.2,"Laminated Fabric
Sure Chek White-1, Beige-2, Parchment-3, Blue-7, 
Green-8, Gray-11, Black-18, Blush-21, Jade-23, Frosty-24, Smoke-25, Fern-37    standard w/ metal grommets",Beige,2,C002,base_sku + color + size + case_pack
SUC-C003-S48X72-PK18,SUCC003S48X72PK18,SUC,SUC,Stocked,33,42,5,"48"" x 72""",18,22.9,412.2,"Laminated Fabric
Sure Chek White-1, Beige-2, Parchment-3, Blue-7, 
Green-8, Gray-11, Black-18, Blush-21, Jade-23, Frosty-24, Smoke-25, Fern-37    standard w/ metal grommets",Parchment,3,C003,base_sku + color + size + case_pack
SUC-C007-S48X72-PK18,SUCC007S48X72PK18,SUC,SUC,Stocked,33,42,5,"48"" x 72""",18,22.9,412.2,"Laminated Fabric
Sure Chek White-1, Beige-2, Parchment-3, Blue-7, 
Green-8, Gray-11, Black-18, Blush-21, Jade-23, Frosty-24, Smoke-25, Fern-37    standard w/ metal grommets",Blue,7,C007,base_sku + color + size + case_pack
SUC-C008-S48X72-PK18,SUCC008S48X72PK18,SUC,SUC,Stocked,33,42,5,"48"" x 72""",18,22.9,412.2,"Laminated Fabric
Sure Chek White-1, Beige-2, Parchment-3, Blue-7, 
Green-8, Gray-11, Black-18, Blush-21, Jade-23, Frosty-24, Smoke-25, Fern-37    standard w/ metal grommets",Green,8,C008,base_sku + color + size + case_pack
SUC-C011-S48X72-PK18,SUCC011S48X72PK18,SUC,SUC,Stocked,33,42,5,"48"" x 72""",18,22.9,412.2,"Laminated Fabric
Sure Chek White-1, Beige-2, Parchment-3, Blue-7, 
Green-8, Gray-11, Black-18, Blush-21, Jade-23, Frosty-24, Smoke-25, Fern-37    standard w/ metal grommets",Gray,11,C011,base_sku + color + size + case_pack
SUC-C018-S48X72-PK18,SUCC018S48X72PK18,SUC,SUC,Stocked,33,42,5,"48"" x 72""",18,22.9,412.2,"Laminated Fabric
Sure Chek White-1, Beige-2, Parchment-3, Blue-7, 
Green-8, Gray-11, Black-18, Blush-21, Jade-23, Frosty-24, Smoke-25, Fern-37    standard w/ metal grommets",Black,18,C018,base_sku + color + size + case_pack
SUC-C021-S48X72-PK18,SUCC021S48X72PK18,SUC,SUC,Stocked,33,42,5,"48"" x 72""",18,22.9,412.2,"Laminated Fabric
Sure Chek White-1, Beige-2, Parchment-3, Blue-7, 
Green-8, Gray-11, Black-18, Blush-21, Jade-23, Frosty-24, Smoke-25, Fern-37    standard w/ metal grommets",Blush,21,C021,base_sku + color + size + case_pack
SUC-C023-S48X72-PK18,SUCC023S48X72PK18,SUC,SUC,Stocked,33,42,5,"48"" x 72""",18,22.9,412.2,"Laminated Fabric
Sure Chek White-1, Beige-2, Parchment-3, Blue-7, 
Green-8, Gray-11, Black-18, Blush-21, Jade-23, Frosty-24, Smoke-25, Fern-37    standard w/ metal grommets",Jade,23,C023,base_sku + color + size + case_pack
SUC-C024-S48X72-PK18,SUCC024S48X72PK18,SUC,SUC,Stocked,33,42,5,"48"" x 72""",18,22.9,412.2,"Laminated Fabric
Sure Chek White-1, Beige-2, Parchment-3, Blue-7, 
Green-8, Gray-11, Black-18, Blush-21, Jade-23, Frosty-24, Smoke-25, Fern-37    standard w/ metal grommets",Frosty,24,C024,base_sku + color + size + case_pack
SUC-C025-S48X72-PK18,SUCC025S48X72PK18,SUC,SUC,Stocked,33,42,5,"48"" x 72""",18,22.9,412.2,"Laminated Fabric
Sure Chek White-1, Beige-2, Parchment-3, Blue-7, 
Green-8, Gray-11, Black-18, Blush-21, Jade-23, Frosty-24, Smoke-25, Fern-37    standard w/ metal grommets",Smoke,25,C025,base_sku + color + size + case_pack
SUC-C037-S48X72-PK18,SUCC037S48X72PK18,SUC,SUC,Stocked,33,42,5,"48"" x 72""",18,22.9,412.2,"Laminated Fabric
Sure Chek White-1, Beige-2, Parchment-3, Blue-7, 
Green-8, Gray-11, Black-18, Blush-21, Jade-23, Frosty-24, Smoke-25, Fern-37    standard w/ metal grommets",Fern,37,C037,base_sku + color + size + case_pack
SUC-C001-S42X72-PK18,SUCC001S42X72PK18,SUC,SUC,Stocked,33,42,6,"42"" x 72""",18,20.75,373.5,"Laminated Fabric
Sure Chek White-1, Beige-2, Parchment-3, Blue-7, 
Green-8, Gray-11, Black-18, Blush-21, Jade-23, Frosty-24, Smoke-25, Fern-37    standard w/ metal grommets",White,1,C001,base_sku + color + size + case_pack
SUC-C002-S42X72-PK18,SUCC002S42X72PK18,SUC,SUC,Stocked,33,42,6,"42"" x 72""",18,20.75,373.5,"Laminated Fabric
Sure Chek White-1, Beige-2, Parchment-3, Blue-7, 
Green-8, Gray-11, Black-18, Blush-21, Jade-23, Frosty-24, Smoke-25, Fern-37    standard w/ metal grommets",Beige,2,C002,base_sku + color + size + case_pack
SUC-C003-S42X72-PK18,SUCC003S42X72PK18,SUC,SUC,Stocked,33,42,6,"42"" x 72""",18,20.75,373.5,"Laminated Fabric
Sure Chek White-1, Beige-2, Parchment-3, Blue-7, 
Green-8, Gray-11, Black-18, Blush-21, Jade-23, Frosty-24, Smoke-25, Fern-37    standard w/ metal grommets",Parchment,3,C003,base_sku + color + size + case_pack
SUC-C007-S42X72-PK18,SUCC007S42X72PK18,SUC,SUC,Stocked,33,42,6,"42"" x 72""",18,20.75,373.5,"Laminated Fabric
Sure Chek White-1, Beige-2, Parchment-3, Blue-7, 
Green-8, Gray-11, Black-18, Blush-21, Jade-23, Frosty-24, Smoke-25, Fern-37    standard w/ metal grommets",Blue,7,C007,base_sku + color + size + case_pack
SUC-C008-S42X72-PK18,SUCC008S42X72PK18,SUC,SUC,Stocked,33,42,6,"42"" x 72""",18,20.75,373.5,"Laminated Fabric
Sure Chek White-1, Beige-2, Parchment-3, Blue-7, 
Green-8, Gray-11, Black-18, Blush-21, Jade-23, Frosty-24, Smoke-25, Fern-37    standard w/ metal grommets",Green,8,C008,base_sku + color + size + case_pack
SUC-C011-S42X72-PK18,SUCC011S42X72PK18,SUC,SUC,Stocked,33,42,6,"42"" x 72""",18,20.75,373.5,"Laminated Fabric
Sure Chek White-1, Beige-2, Parchment-3, Blue-7, 
Green-8, Gray-11, Black-18, Blush-21, Jade-23, Frosty-24, Smoke-25, Fern-37    standard w/ metal grommets",Gray,11,C011,base_sku + color + size + case_pack
SUC-C018-S42X72-PK18,SUCC018S42X72PK18,SUC,SUC,Stocked,33,42,6,"42"" x 72""",18,20.75,373.5,"Laminated Fabric
Sure Chek White-1, Beige-2, Parchment-3, Blue-7, 
Green-8, Gray-11, Black-18, Blush-21, Jade-23, Frosty-24, Smoke-25, Fern-37    standard w/ metal grommets",Black,18,C018,base_sku + color + size + case_pack
SUC-C021-S42X72-PK18,SUCC021S42X72PK18,SUC,SUC,Stocked,33,42,6,"42"" x 72""",18,20.75,373.5,"Laminated Fabric
Sure Chek White-1, Beige-2, Parchment-3, Blue-7, 
Green-8, Gray-11, Black-18, Blush-21, Jade-23, Frosty-24, Smoke-25, Fern-37    standard w/ metal grommets",Blush,21,C021,base_sku + color + size + case_pack
SUC-C023-S42X72-PK18,SUCC023S42X72PK18,SUC,SUC,Stocked,33,42,6,"42"" x 72""",18,20.75,373.5,"Laminated Fabric
Sure Chek White-1, Beige-2, Parchment-3, Blue-7, 
Green-8, Gray-11, Black-18, Blush-21, Jade-23, Frosty-24, Smoke-25, Fern-37    standard w/ metal grommets",Jade,23,C023,base_sku + color + size + case_pack
SUC-C024-S42X72-PK18,SUCC024S42X72PK18,SUC,SUC,Stocked,33,42,6,"42"" x 72""",18,20.75,373.5,"Laminated Fabric
Sure Chek White-1, Beige-2, Parchment-3, Blue-7, 
Green-8, Gray-11, Black-18, Blush-21, Jade-23, Frosty-24, Smoke-25, Fern-37    standard w/ metal grommets",Frosty,24,C024,base_sku + color + size + case_pack
SUC-C025-S42X72-PK18,SUCC025S42X72PK18,SUC,SUC,Stocked,33,42,6,"42"" x 72""",18,20.75,373.5,"Laminated Fabric
Sure Chek White-1, Beige-2, Parchment-3, Blue-7, 
Green-8, Gray-11, Black-18, Blush-21, Jade-23, Frosty-24, Smoke-25, Fern-37    standard w/ metal grommets",Smoke,25,C025,base_sku + color + size + case_pack
SUC-C037-S42X72-PK18,SUCC037S42X72PK18,SUC,SUC,Stocked,33,42,6,"42"" x 72""",18,20.75,373.5,"Laminated Fabric
Sure Chek White-1, Beige-2, Parchment-3, Blue-7, 
Green-8, Gray-11, Black-18, Blush-21, Jade-23, Frosty-24, Smoke-25, Fern-37    standard w/ metal grommets",Fern,37,C037,base_sku + color + size + case_pack
SUC-C001-S36X72-PK24,SUCC001S36X72PK24,SUC,SUC,Stocked,33,42,7,"36"" x 72""",24,14.15,339.6,"Laminated Fabric
Sure Chek White-1, Beige-2, Parchment-3, Blue-7, 
Green-8, Gray-11, Black-18, Blush-21, Jade-23, Frosty-24, Smoke-25, Fern-37    standard w/ metal grommets",White,1,C001,base_sku + color + size + case_pack
SUC-C002-S36X72-PK24,SUCC002S36X72PK24,SUC,SUC,Stocked,33,42,7,"36"" x 72""",24,14.15,339.6,"Laminated Fabric
Sure Chek White-1, Beige-2, Parchment-3, Blue-7, 
Green-8, Gray-11, Black-18, Blush-21, Jade-23, Frosty-24, Smoke-25, Fern-37    standard w/ metal grommets",Beige,2,C002,base_sku + color + size + case_pack
SUC-C003-S36X72-PK24,SUCC003S36X72PK24,SUC,SUC,Stocked,33,42,7,"36"" x 72""",24,14.15,339.6,"Laminated Fabric
Sure Chek White-1, Beige-2, Parchment-3, Blue-7, 
Green-8, Gray-11, Black-18, Blush-21, Jade-23, Frosty-24, Smoke-25, Fern-37    standard w/ metal grommets",Parchment,3,C003,base_sku + color + size + case_pack
SUC-C007-S36X72-PK24,SUCC007S36X72PK24,SUC,SUC,Stocked,33,42,7,"36"" x 72""",24,14.15,339.6,"Laminated Fabric
Sure Chek White-1, Beige-2, Parchment-3, Blue-7, 
Green-8, Gray-11, Black-18, Blush-21, Jade-23, Frosty-24, Smoke-25, Fern-37    standard w/ metal grommets",Blue,7,C007,base_sku + color + size + case_pack
SUC-C008-S36X72-PK24,SUCC008S36X72PK24,SUC,SUC,Stocked,33,42,7,"36"" x 72""",24,14.15,339.6,"Laminated Fabric
Sure Chek White-1, Beige-2, Parchment-3, Blue-7, 
Green-8, Gray-11, Black-18, Blush-21, Jade-23, Frosty-24, Smoke-25, Fern-37    standard w/ metal grommets",Green,8,C008,base_sku + color + size + case_pack
SUC-C011-S36X72-PK24,SUCC011S36X72PK24,SUC,SUC,Stocked,33,42,7,"36"" x 72""",24,14.15,339.6,"Laminated Fabric
Sure Chek White-1, Beige-2, Parchment-3, Blue-7, 
Green-8, Gray-11, Black-18, Blush-21, Jade-23, Frosty-24, Smoke-25, Fern-37    standard w/ metal grommets",Gray,11,C011,base_sku + color + size + case_pack
SUC-C018-S36X72-PK24,SUCC018S36X72PK24,SUC,SUC,Stocked,33,42,7,"36"" x 72""",24,14.15,339.6,"Laminated Fabric
Sure Chek White-1, Beige-2, Parchment-3, Blue-7, 
Green-8, Gray-11, Black-18, Blush-21, Jade-23, Frosty-24, Smoke-25, Fern-37    standard w/ metal grommets",Black,18,C018,base_sku + color + size + case_pack
SUC-C021-S36X72-PK24,SUCC021S36X72PK24,SUC,SUC,Stocked,33,42,7,"36"" x 72""",24,14.15,339.6,"Laminated Fabric
Sure Chek White-1, Beige-2, Parchment-3, Blue-7, 
Green-8, Gray-11, Black-18, Blush-21, Jade-23, Frosty-24, Smoke-25, Fern-37    standard w/ metal grommets",Blush,21,C021,base_sku + color + size + case_pack
SUC-C023-S36X72-PK24,SUCC023S36X72PK24,SUC,SUC,Stocked,33,42,7,"36"" x 72""",24,14.15,339.6,"Laminated Fabric
Sure Chek White-1, Beige-2, Parchment-3, Blue-7, 
Green-8, Gray-11, Black-18, Blush-21, Jade-23, Frosty-24, Smoke-25, Fern-37    standard w/ metal grommets",Jade,23,C023,base_sku + color + size + case_pack
SUC-C024-S36X72-PK24,SUCC024S36X72PK24,SUC,SUC,Stocked,33,42,7,"36"" x 72""",24,14.15,339.6,"Laminated Fabric
Sure Chek White-1, Beige-2, Parchment-3, Blue-7, 
Green-8, Gray-11, Black-18, Blush-21, Jade-23, Frosty-24, Smoke-25, Fern-37    standard w/ metal grommets",Frosty,24,C024,base_sku + color + size + case_pack
SUC-C025-S36X72-PK24,SUCC025S36X72PK24,SUC,SUC,Stocked,33,42,7,"36"" x 72""",24,14.15,339.6,"Laminated Fabric
Sure Chek White-1, Beige-2, Parchment-3, Blue-7, 
Green-8, Gray-11, Black-18, Blush-21, Jade-23, Frosty-24, Smoke-25, Fern-37    standard w/ metal grommets",Smoke,25,C025,base_sku + color + size + case_pack
SUC-C037-S36X72-PK24,SUCC037S36X72PK24,SUC,SUC,Stocked,33,42,7,"36"" x 72""",24,14.15,339.6,"Laminated Fabric
Sure Chek White-1, Beige-2, Parchment-3, Blue-7, 
Green-8, Gray-11, Black-18, Blush-21, Jade-23, Frosty-24, Smoke-25, Fern-37    standard w/ metal grommets",Fern,37,C037,base_sku + color + size + case_pack
WE-C001-S72X72-PK12,WEC001S72X72PK12,WE,WE,Stocked,33,43,4,"72"" x 72""",12,25.2,302.4,"Executive Waffle White-1, Beige-2                             
standard w/ metal grommets",White,1,C001,base_sku + color + size + case_pack
WE-C002-S72X72-PK12,WEC002S72X72PK12,WE,WE,Stocked,33,43,4,"72"" x 72""",12,25.2,302.4,"Executive Waffle White-1, Beige-2                             
standard w/ metal grommets",Beige,2,C002,base_sku + color + size + case_pack
WE-C001-S48X72-PK18,WEC001S48X72PK18,WE,WE,Stocked,33,43,5,"48"" x 72""",18,24.45,440.09999999999997,"Executive Waffle White-1, Beige-2                             
standard w/ metal grommets",White,1,C001,base_sku + color + size + case_pack
WE-C002-S48X72-PK18,WEC002S48X72PK18,WE,WE,Stocked,33,43,5,"48"" x 72""",18,24.45,440.09999999999997,"Executive Waffle White-1, Beige-2                             
standard w/ metal grommets",Beige,2,C002,base_sku + color + size + case_pack
WE-C001-S42X72-PK18,WEC001S42X72PK18,WE,WE,Stocked,33,43,6,"42"" x 72""",18,22.2,399.59999999999997,"Executive Waffle White-1, Beige-2                             
standard w/ metal grommets",White,1,C001,base_sku + color + size + case_pack
WE-C002-S42X72-PK18,WEC002S42X72PK18,WE,WE,Stocked,33,43,6,"42"" x 72""",18,22.2,399.59999999999997,"Executive Waffle White-1, Beige-2                             
standard w/ metal grommets",Beige,2,C002,base_sku + color + size + case_pack
WE-C001-S36X72-PK24,WEC001S36X72PK24,WE,WE,Stocked,33,43,7,"36"" x 72""",24,15.1,362.4,"Executive Waffle White-1, Beige-2                             
standard w/ metal grommets",White,1,C001,base_sku + color + size + case_pack
WE-C002-S36X72-PK24,WEC002S36X72PK24,WE,WE,Stocked,33,43,7,"36"" x 72""",24,15.1,362.4,"Executive Waffle White-1, Beige-2                             
standard w/ metal grommets",Beige,2,C002,base_sku + color + size + case_pack
CTYWAFFA-CLWINDOW-S72X72-PK12,CTYWAFFACLWINDOWS72X72PK12,CTY-WAFFA,CTY-WAFFA,Stocked,47,48,5,"72"" x 72""",12,22,264,"CTY Waffle (Green) Eco-friendly White with 10.5"" window",window,,WINDOW,base_sku + color + size + case_pack
CTYWAFF78-CLWINDOW-S72X78-PK12,CTYWAFF78CLWINDOWS72X78PK12,CTY-WAFF78,CTY-WAFF78,Stocked,47,49,4,"72"" x 78""",12,23,276,"CTY Waffle (Green) Eco-friendly White with 10.5"" window",window,,WINDOW,base_sku + color + size + case_pack
FFIWAF11A-CLWINDOW-S72X72-PK12,FFIWAF11ACLWINDOWS72X72PK12,FFI-WAF11A,FFI-WAF11A,Stocked,47,50,5,"72"" x 72""",12,22,264,"Luxor Waffle (Green) Eco-friendly White with 10.5"" window",window,,WINDOW,base_sku + color + size + case_pack
FFIWAF1178-CLWINDOW-S72X78-PK12,FFIWAF1178CLWINDOWS72X78PK12,FFI-WAF1178,FFI-WAF1178,Stocked,47,51,4,"72"" x 78""",12,23,276,"Luxor Waffle (Green) Eco-friendly White with 10.5"" window",window,,WINDOW,base_sku + color + size + case_pack
GWSA-C001-S72X72-PK12,GWSAC001S72X72PK12,G-WSA,G-WSA,Stocked,47,52,5,"72"" x 72""",12,20,240,Supreme Waffle (Green) Eco-friendly White-1 (no window),White,1,C001,base_sku + color + size + case_pack
GWS78-C001-S72X78-PK12,GWS78C001S72X78PK12,G-WS78,G-WS78,Stocked,47,53,4,"72"" x 78""",12,23,276,Supreme Waffle (Green) Eco-friendly White-1 (no window),White,1,C001,base_sku + color + size + case_pack
WS-C001-S72X78-PK12,WSC001S72X78PK12,WS,WS,Stocked,47,54,4,"72"" x 78""",12,27.4,328.79999999999995,Supreme Waffle White-1,White,1,C001,base_sku + color + size + case_pack
WS-C001-S72X72-PK12,WSC001S72X72PK12,WS,WS,Stocked,47,54,5,"72"" x 72""",12,21,252,Supreme Waffle White-1,White,1,C001,base_sku + color + size + case_pack
WS-C001-S48X72-PK18,WSC001S48X72PK18,WS,WS,Stocked,47,54,6,"48"" x 72""",18,20.35,366.3,Supreme Waffle White-1,White,1,C001,base_sku + color + size + case_pack
WS-C001-S36X72-PK24,WSC001S36X72PK24,WS,WS,Stocked,47,54,7,"36"" x 72""",24,12.6,302.4,Supreme Waffle White-1,White,1,C001,base_sku + color + size + case_pack
GSHSURA-CLWINDOW-S72X72-PK12,GSHSURACLWINDOWS72X72PK12,G-SHS-URA,G-SHS-URA,Stocked,47,55,5,"72"" x 72""",12,23,276,"Urban Waffle (Green) Eco-friendly White with 10.5"" window",window,,WINDOW,base_sku + color + size + case_pack
GSHSUR7278-CLWINDOW-S72X78-PK12,GSHSUR7278CLWINDOWS72X78PK12,G-SHS-UR7278,G-SHS-UR7278,Stocked,47,56,4,"72"" x 78""",12,24,288,"Urban Waffle (Green) Eco-friendly White with 10.5"" window",window,,WINDOW,base_sku + color + size + case_pack
GURA-CLWINDOW-S72X72-PK12,GURACLWINDOWS72X72PK12,G-URA,G-URA,Stocked,47,57,5,"72"" x 72""",12,27.8,333.6,Urban Waffle (Green) Eco-friendly White (no window),window,,WINDOW,base_sku + color + size + case_pack
GUR78-CLWINDOW-S72X78-PK12,GUR78CLWINDOWS72X78PK12,G-UR78,G-UR78,Stocked,47,58,4,"72"" x 78""",12,28.8,345.6,Urban Waffle (Green) Eco-friendly White (no window),window,,WINDOW,base_sku + color + size + case_pack
UR-C001-S72X78-PK12,URC001S72X78PK12,UR,UR,Stocked,47,59,4,"72"" x 78""",12,27.4,328.79999999999995,Urban Waffle White-1,White,1,C001,base_sku + color + size + case_pack
UR-C001-S72X72-PK12,URC001S72X72PK12,UR,UR,Stocked,47,59,5,"72"" x 72""",12,21,252,Urban Waffle White-1,White,1,C001,base_sku + color + size + case_pack
UR-C001-S48X72-PK18,URC001S48X72PK18,UR,UR,Stocked,47,59,6,"48"" x 72""",18,20.35,366.3,Urban Waffle White-1,White,1,C001,base_sku + color + size + case_pack
UR-C001-S36X72-PK24,URC001S36X72PK24,UR,UR,Stocked,47,59,7,"36"" x 72""",24,12.6,302.4,Urban Waffle White-1,White,1,C001,base_sku + color + size + case_pack
SS-C001-S72X72-PK12,SSC001S72X72PK12,SS,SS,Stocked,63,68,4,"72"" x 72""",12,8,96,"San Suede White-1, Beige-2, Blue-7, Green-8, Pink-9, 
Champagne-12, Navy-17",White,1,C001,base_sku + color + size + case_pack
SS-C002-S72X72-PK12,SSC002S72X72PK12,SS,SS,Stocked,63,68,4,"72"" x 72""",12,8,96,"San Suede White-1, Beige-2, Blue-7, Green-8, Pink-9, 
Champagne-12, Navy-17",Beige,2,C002,base_sku + color + size + case_pack
SS-C007-S72X72-PK12,SSC007S72X72PK12,SS,SS,Stocked,63,68,4,"72"" x 72""",12,8,96,"San Suede White-1, Beige-2, Blue-7, Green-8, Pink-9, 
Champagne-12, Navy-17",Blue,7,C007,base_sku + color + size + case_pack
SS-C008-S72X72-PK12,SSC008S72X72PK12,SS,SS,Stocked,63,68,4,"72"" x 72""",12,8,96,"San Suede White-1, Beige-2, Blue-7, Green-8, Pink-9, 
Champagne-12, Navy-17",Green,8,C008,base_sku + color + size + case_pack
SS-C009-S72X72-PK12,SSC009S72X72PK12,SS,SS,Stocked,63,68,4,"72"" x 72""",12,8,96,"San Suede White-1, Beige-2, Blue-7, Green-8, Pink-9, 
Champagne-12, Navy-17",Pink,9,C009,base_sku + color + size + case_pack
SS-C012-S72X72-PK12,SSC012S72X72PK12,SS,SS,Stocked,63,68,4,"72"" x 72""",12,8,96,"San Suede White-1, Beige-2, Blue-7, Green-8, Pink-9, 
Champagne-12, Navy-17",Champagne,12,C012,base_sku + color + size + case_pack
SS-C017-S72X72-PK12,SSC017S72X72PK12,SS,SS,Stocked,63,68,4,"72"" x 72""",12,8,96,"San Suede White-1, Beige-2, Blue-7, Green-8, Pink-9, 
Champagne-12, Navy-17",Navy,17,C017,base_sku + color + size + case_pack
SS-C001-S48X72-PK18,SSC001S48X72PK18,SS,SS,Stocked,63,68,5,"48"" x 72""",18,7.75,139.5,"San Suede White-1, Beige-2, Blue-7, Green-8, Pink-9, 
Champagne-12, Navy-17",White,1,C001,base_sku + color + size + case_pack
SS-C002-S48X72-PK18,SSC002S48X72PK18,SS,SS,Stocked,63,68,5,"48"" x 72""",18,7.75,139.5,"San Suede White-1, Beige-2, Blue-7, Green-8, Pink-9, 
Champagne-12, Navy-17",Beige,2,C002,base_sku + color + size + case_pack
SS-C007-S48X72-PK18,SSC007S48X72PK18,SS,SS,Stocked,63,68,5,"48"" x 72""",18,7.75,139.5,"San Suede White-1, Beige-2, Blue-7, Green-8, Pink-9, 
Champagne-12, Navy-17",Blue,7,C007,base_sku + color + size + case_pack
SS-C008-S48X72-PK18,SSC008S48X72PK18,SS,SS,Stocked,63,68,5,"48"" x 72""",18,7.75,139.5,"San Suede White-1, Beige-2, Blue-7, Green-8, Pink-9, 
Champagne-12, Navy-17",Green,8,C008,base_sku + color + size + case_pack
SS-C009-S48X72-PK18,SSC009S48X72PK18,SS,SS,Stocked,63,68,5,"48"" x 72""",18,7.75,139.5,"San Suede White-1, Beige-2, Blue-7, Green-8, Pink-9, 
Champagne-12, Navy-17",Pink,9,C009,base_sku + color + size + case_pack
SS-C012-S48X72-PK18,SSC012S48X72PK18,SS,SS,Stocked,63,68,5,"48"" x 72""",18,7.75,139.5,"San Suede White-1, Beige-2, Blue-7, Green-8, Pink-9, 
Champagne-12, Navy-17",Champagne,12,C012,base_sku + color + size + case_pack
SS-C017-S48X72-PK18,SSC017S48X72PK18,SS,SS,Stocked,63,68,5,"48"" x 72""",18,7.75,139.5,"San Suede White-1, Beige-2, Blue-7, Green-8, Pink-9, 
Champagne-12, Navy-17",Navy,17,C017,base_sku + color + size + case_pack
SS-C001-S42X72-PK18,SSC001S42X72PK18,SS,SS,Stocked,63,68,6,"42"" x 72""",18,7.05,126.89999999999999,"San Suede White-1, Beige-2, Blue-7, Green-8, Pink-9, 
Champagne-12, Navy-17",White,1,C001,base_sku + color + size + case_pack
SS-C002-S42X72-PK18,SSC002S42X72PK18,SS,SS,Stocked,63,68,6,"42"" x 72""",18,7.05,126.89999999999999,"San Suede White-1, Beige-2, Blue-7, Green-8, Pink-9, 
Champagne-12, Navy-17",Beige,2,C002,base_sku + color + size + case_pack
SS-C007-S42X72-PK18,SSC007S42X72PK18,SS,SS,Stocked,63,68,6,"42"" x 72""",18,7.05,126.89999999999999,"San Suede White-1, Beige-2, Blue-7, Green-8, Pink-9, 
Champagne-12, Navy-17",Blue,7,C007,base_sku + color + size + case_pack
SS-C008-S42X72-PK18,SSC008S42X72PK18,SS,SS,Stocked,63,68,6,"42"" x 72""",18,7.05,126.89999999999999,"San Suede White-1, Beige-2, Blue-7, Green-8, Pink-9, 
Champagne-12, Navy-17",Green,8,C008,base_sku + color + size + case_pack
SS-C009-S42X72-PK18,SSC009S42X72PK18,SS,SS,Stocked,63,68,6,"42"" x 72""",18,7.05,126.89999999999999,"San Suede White-1, Beige-2, Blue-7, Green-8, Pink-9, 
Champagne-12, Navy-17",Pink,9,C009,base_sku + color + size + case_pack
SS-C012-S42X72-PK18,SSC012S42X72PK18,SS,SS,Stocked,63,68,6,"42"" x 72""",18,7.05,126.89999999999999,"San Suede White-1, Beige-2, Blue-7, Green-8, Pink-9, 
Champagne-12, Navy-17",Champagne,12,C012,base_sku + color + size + case_pack
SS-C017-S42X72-PK18,SSC017S42X72PK18,SS,SS,Stocked,63,68,6,"42"" x 72""",18,7.05,126.89999999999999,"San Suede White-1, Beige-2, Blue-7, Green-8, Pink-9, 
Champagne-12, Navy-17",Navy,17,C017,base_sku + color + size + case_pack
SS-C001-S36X72-PK24,SSC001S36X72PK24,SS,SS,Stocked,63,68,7,"36"" x 72""",24,4.8,115.19999999999999,"San Suede White-1, Beige-2, Blue-7, Green-8, Pink-9, 
Champagne-12, Navy-17",White,1,C001,base_sku + color + size + case_pack
SS-C002-S36X72-PK24,SSC002S36X72PK24,SS,SS,Stocked,63,68,7,"36"" x 72""",24,4.8,115.19999999999999,"San Suede White-1, Beige-2, Blue-7, Green-8, Pink-9, 
Champagne-12, Navy-17",Beige,2,C002,base_sku + color + size + case_pack
SS-C007-S36X72-PK24,SSC007S36X72PK24,SS,SS,Stocked,63,68,7,"36"" x 72""",24,4.8,115.19999999999999,"San Suede White-1, Beige-2, Blue-7, Green-8, Pink-9, 
Champagne-12, Navy-17",Blue,7,C007,base_sku + color + size + case_pack
SS-C008-S36X72-PK24,SSC008S36X72PK24,SS,SS,Stocked,63,68,7,"36"" x 72""",24,4.8,115.19999999999999,"San Suede White-1, Beige-2, Blue-7, Green-8, Pink-9, 
Champagne-12, Navy-17",Green,8,C008,base_sku + color + size + case_pack
SS-C009-S36X72-PK24,SSC009S36X72PK24,SS,SS,Stocked,63,68,7,"36"" x 72""",24,4.8,115.19999999999999,"San Suede White-1, Beige-2, Blue-7, Green-8, Pink-9, 
Champagne-12, Navy-17",Pink,9,C009,base_sku + color + size + case_pack
SS-C012-S36X72-PK24,SSC012S36X72PK24,SS,SS,Stocked,63,68,7,"36"" x 72""",24,4.8,115.19999999999999,"San Suede White-1, Beige-2, Blue-7, Green-8, Pink-9, 
Champagne-12, Navy-17",Champagne,12,C012,base_sku + color + size + case_pack
SS-C017-S36X72-PK24,SSC017S36X72PK24,SS,SS,Stocked,63,68,7,"36"" x 72""",24,4.8,115.19999999999999,"San Suede White-1, Beige-2, Blue-7, Green-8, Pink-9, 
Champagne-12, Navy-17",Navy,17,C017,base_sku + color + size + case_pack
FTCNAA-C001-S72X72-PK12,FTCNAAC001S72X72PK12,FTCNAA,FTCNAA,Stocked,63,72,4,"72"" x 72""",12,7.05,84.6,Forester White-1,White,1,C001,base_sku + color + size + case_pack
FT-C001-S72X72-PK12,FTC001S72X72PK12,FT,FT,Stocked,63,73,4,"72"" x 72""",12,7.55,90.6,"Forester White-1, Green-8",White,1,C001,base_sku + color + size + case_pack
FT-C008-S72X72-PK12,FTC008S72X72PK12,FT,FT,Stocked,63,73,4,"72"" x 72""",12,7.55,90.6,"Forester White-1, Green-8",Green,8,C008,base_sku + color + size + case_pack
FT-C001-S48X72-PK18,FTC001S48X72PK18,FT,FT,Stocked,63,73,5,"48"" x 72""",18,7.3,131.4,"Forester White-1, Green-8",White,1,C001,base_sku + color + size + case_pack
FT-C008-S48X72-PK18,FTC008S48X72PK18,FT,FT,Stocked,63,73,5,"48"" x 72""",18,7.3,131.4,"Forester White-1, Green-8",Green,8,C008,base_sku + color + size + case_pack
FT-C001-S42X72-PK18,FTC001S42X72PK18,FT,FT,Stocked,63,73,6,"42"" x 72""",18,6.65,119.7,"Forester White-1, Green-8",White,1,C001,base_sku + color + size + case_pack
FT-C008-S42X72-PK18,FTC008S42X72PK18,FT,FT,Stocked,63,73,6,"42"" x 72""",18,6.65,119.7,"Forester White-1, Green-8",Green,8,C008,base_sku + color + size + case_pack
FT-C001-S36X72-PK24,FTC001S36X72PK24,FT,FT,Stocked,63,73,7,"36"" x 72""",24,4.55,109.19999999999999,"Forester White-1, Green-8",White,1,C001,base_sku + color + size + case_pack
FT-C008-S36X72-PK24,FTC008S36X72PK24,FT,FT,Stocked,63,73,7,"36"" x 72""",24,4.55,109.19999999999999,"Forester White-1, Green-8",Green,8,C008,base_sku + color + size + case_pack
SCCNAA-C001-S72X72-PK12,SCCNAAC001S72X72PK12,SCCNAA,SCCNAA,Stocked,63,74,4,"72"" x 72""",12,6.8,81.6,San Crepe White-1,White,1,C001,base_sku + color + size + case_pack
SC-C001-S72X72-PK12,SCC001S72X72PK12,SC,SC,Stocked,63,75,4,"72"" x 72""",12,7.55,90.6,"San Crepe White-1, Beige-2, Frosty-24",White,1,C001,base_sku + color + size + case_pack
SC-C002-S72X72-PK12,SCC002S72X72PK12,SC,SC,Stocked,63,75,4,"72"" x 72""",12,7.55,90.6,"San Crepe White-1, Beige-2, Frosty-24",Beige,2,C002,base_sku + color + size + case_pack
SC-C024-S72X72-PK12,SCC024S72X72PK12,SC,SC,Stocked,63,75,4,"72"" x 72""",12,7.55,90.6,"San Crepe White-1, Beige-2, Frosty-24",Frosty,24,C024,base_sku + color + size + case_pack
SC-C001-S48X72-PK18,SCC001S48X72PK18,SC,SC,Stocked,63,75,5,"48"" x 72""",18,7.3,131.4,"San Crepe White-1, Beige-2, Frosty-24",White,1,C001,base_sku + color + size + case_pack
SC-C002-S48X72-PK18,SCC002S48X72PK18,SC,SC,Stocked,63,75,5,"48"" x 72""",18,7.3,131.4,"San Crepe White-1, Beige-2, Frosty-24",Beige,2,C002,base_sku + color + size + case_pack
SC-C024-S48X72-PK18,SCC024S48X72PK18,SC,SC,Stocked,63,75,5,"48"" x 72""",18,7.3,131.4,"San Crepe White-1, Beige-2, Frosty-24",Frosty,24,C024,base_sku + color + size + case_pack
SC-C001-S42X72-PK18,SCC001S42X72PK18,SC,SC,Stocked,63,75,6,"42"" x 72""",18,6.65,119.7,"San Crepe White-1, Beige-2, Frosty-24",White,1,C001,base_sku + color + size + case_pack
SC-C002-S42X72-PK18,SCC002S42X72PK18,SC,SC,Stocked,63,75,6,"42"" x 72""",18,6.65,119.7,"San Crepe White-1, Beige-2, Frosty-24",Beige,2,C002,base_sku + color + size + case_pack
SC-C024-S42X72-PK18,SCC024S42X72PK18,SC,SC,Stocked,63,75,6,"42"" x 72""",18,6.65,119.7,"San Crepe White-1, Beige-2, Frosty-24",Frosty,24,C024,base_sku + color + size + case_pack
SC-C001-S36X72-PK24,SCC001S36X72PK24,SC,SC,Stocked,63,75,7,"36"" x 72""",24,4.55,109.19999999999999,"San Crepe White-1, Beige-2, Frosty-24",White,1,C001,base_sku + color + size + case_pack
SC-C002-S36X72-PK24,SCC002S36X72PK24,SC,SC,Stocked,63,75,7,"36"" x 72""",24,4.55,109.19999999999999,"San Crepe White-1, Beige-2, Frosty-24",Beige,2,C002,base_sku + color + size + case_pack
SC-C024-S36X72-PK24,SCC024S36X72PK24,SC,SC,Stocked,63,75,7,"36"" x 72""",24,4.55,109.19999999999999,"San Crepe White-1, Beige-2, Frosty-24",Frosty,24,C024,base_sku + color + size + case_pack
SW-C001-S72X72-PK12,SWC001S72X72PK12,SW,SW,Stocked,63,76,4,"72"" x 72""",12,6.5,78,Swirl White-1,White,1,C001,base_sku + color + size + case_pack
SW-C001-S48X72-PK18,SWC001S48X72PK18,SW,SW,Stocked,63,76,5,"48"" x 72""",18,6.3,113.39999999999999,Swirl White-1,White,1,C001,base_sku + color + size + case_pack
SW-C001-S42X72-PK18,SWC001S42X72PK18,SW,SW,Stocked,63,76,6,"42"" x 72""",18,5.7,102.60000000000001,Swirl White-1,White,1,C001,base_sku + color + size + case_pack
SW-C001-S36X72-PK24,SWC001S36X72PK24,SW,SW,Stocked,63,76,7,"36"" x 72""",24,3.9,93.6,Swirl White-1,White,1,C001,base_sku + color + size + case_pack
PVABM-C001-S72X72-PK12,PVABMC001S72X72PK12,PVABM,PVA BM,Stocked,63,77,4,"72"" x 72""",12,7.4,88.80000000000001,"Peva White-1, Frosty-24 (Green) Eco-friendly 
w/ bottom magnets",White,1,C001,base_sku + color + size + case_pack
PVABM-C024-S72X72-PK12,PVABMC024S72X72PK12,PVABM,PVA BM,Stocked,63,77,4,"72"" x 72""",12,7.4,88.80000000000001,"Peva White-1, Frosty-24 (Green) Eco-friendly 
w/ bottom magnets",Frosty,24,C024,base_sku + color + size + case_pack
RG-C001-S72X72-PK12,RGC001S72X72PK12,RG,RG,Stocked,63,80,4,"72"" x 72""",12,8.85,106.19999999999999,"Regency White-1, Beige",White,1,C001,base_sku + color + size + case_pack
RG-CLBEIGE-S72X72-PK12,RGCLBEIGES72X72PK12,RG,RG,Stocked,63,80,4,"72"" x 72""",12,8.85,106.19999999999999,"Regency White-1, Beige",Beige,,BEIGE,base_sku + color + size + case_pack
RG-C001-S48X72-PK18,RGC001S48X72PK18,RG,RG,Stocked,63,80,5,"48"" x 72""",18,8.85,159.29999999999998,"Regency White-1, Beige",White,1,C001,base_sku + color + size + case_pack
RG-CLBEIGE-S48X72-PK18,RGCLBEIGES48X72PK18,RG,RG,Stocked,63,80,5,"48"" x 72""",18,8.85,159.29999999999998,"Regency White-1, Beige",Beige,,BEIGE,base_sku + color + size + case_pack
RG-C001-S42X72-PK18,RGC001S42X72PK18,RG,RG,Stocked,63,80,6,"42"" x 72""",18,8.85,159.29999999999998,"Regency White-1, Beige",White,1,C001,base_sku + color + size + case_pack
RG-CLBEIGE-S42X72-PK18,RGCLBEIGES42X72PK18,RG,RG,Stocked,63,80,6,"42"" x 72""",18,8.85,159.29999999999998,"Regency White-1, Beige",Beige,,BEIGE,base_sku + color + size + case_pack
RG-C001-S36X72-PK24,RGC001S36X72PK24,RG,RG,Stocked,63,80,7,"36"" x 72""",24,5.3,127.19999999999999,"Regency White-1, Beige",White,1,C001,base_sku + color + size + case_pack
RG-CLBEIGE-S36X72-PK24,RGCLBEIGES36X72PK24,RG,RG,Stocked,63,80,7,"36"" x 72""",24,5.3,127.19999999999999,"Regency White-1, Beige",Beige,,BEIGE,base_sku + color + size + case_pack
SCE-C001-S72X72-PK12,SCEC001S72X72PK12,SCE,SCE,Stocked,63,81,4,"72"" x 72""",12,9,108,"San Crepe Executive White-1, Beige",White,1,C001,base_sku + color + size + case_pack
SCE-CLBEIGE-S72X72-PK12,SCECLBEIGES72X72PK12,SCE,SCE,Stocked,63,81,4,"72"" x 72""",12,9,108,"San Crepe Executive White-1, Beige",Beige,,BEIGE,base_sku + color + size + case_pack
SCE-C001-S48X72-PK18,SCEC001S48X72PK18,SCE,SCE,Stocked,63,81,5,"48"" x 72""",18,8.75,157.5,"San Crepe Executive White-1, Beige",White,1,C001,base_sku + color + size + case_pack
SCE-CLBEIGE-S48X72-PK18,SCECLBEIGES48X72PK18,SCE,SCE,Stocked,63,81,5,"48"" x 72""",18,8.75,157.5,"San Crepe Executive White-1, Beige",Beige,,BEIGE,base_sku + color + size + case_pack
SCE-C001-S42X72-PK18,SCEC001S42X72PK18,SCE,SCE,Stocked,63,81,6,"42"" x 72""",18,7.9,142.20000000000002,"San Crepe Executive White-1, Beige",White,1,C001,base_sku + color + size + case_pack
SCE-CLBEIGE-S42X72-PK18,SCECLBEIGES42X72PK18,SCE,SCE,Stocked,63,81,6,"42"" x 72""",18,7.9,142.20000000000002,"San Crepe Executive White-1, Beige",Beige,,BEIGE,base_sku + color + size + case_pack
SCE-C001-S36X72-PK24,SCEC001S36X72PK24,SCE,SCE,Stocked,63,81,7,"36"" x 72""",24,5.4,129.60000000000002,"San Crepe Executive White-1, Beige",White,1,C001,base_sku + color + size + case_pack
SCE-CLBEIGE-S36X72-PK24,SCECLBEIGES36X72PK24,SCE,SCE,Stocked,63,81,7,"36"" x 72""",24,5.4,129.60000000000002,"San Crepe Executive White-1, Beige",Beige,,BEIGE,base_sku + color + size + case_pack
SCE-C024-S72X72-PK12,SCEC024S72X72PK12,SCE,SCE,Stocked,63,82,4,"72"" x 72""",12,10.9,130.8,San Crepe Executive Frosty-24,Frosty,24,C024,base_sku + color + size + case_pack
SCE-C024-S48X72-PK18,SCEC024S48X72PK18,SCE,SCE,Stocked,63,82,5,"48"" x 72""",18,10.55,189.9,San Crepe Executive Frosty-24,Frosty,24,C024,base_sku + color + size + case_pack
SCE-C024-S42X72-PK18,SCEC024S42X72PK18,SCE,SCE,Stocked,63,82,6,"42"" x 72""",18,9.6,172.79999999999998,San Crepe Executive Frosty-24,Frosty,24,C024,base_sku + color + size + case_pack
SCE-C024-S36X72-PK24,SCEC024S36X72PK24,SCE,SCE,Stocked,63,82,7,"36"" x 72""",24,6.55,157.2,San Crepe Executive Frosty-24,Frosty,24,C024,base_sku + color + size + case_pack
ST-C012-S72X72-PK12,STC012S72X72PK12,ST,ST,Stocked,63,86,4,"72"" x 72""",12,7.05,84.6,See thru Polished Clear-12,Clear,12,C012,base_sku + color + size + case_pack
ST-C012-S48X72-PK18,STC012S48X72PK18,ST,ST,Stocked,63,86,5,"48"" x 72""",18,6.85,123.3,See thru Polished Clear-12,Clear,12,C012,base_sku + color + size + case_pack
ST-C012-S42X72-PK18,STC012S42X72PK18,ST,ST,Stocked,63,86,6,"42"" x 72""",18,6.2,111.60000000000001,See thru Polished Clear-12,Clear,12,C012,base_sku + color + size + case_pack
ST-C012-S36X72-PK24,STC012S36X72PK24,ST,ST,Stocked,63,86,7,"36"" x 72""",24,4.25,102,See thru Polished Clear-12,Clear,12,C012,base_sku + color + size + case_pack
PF7272-C024-S72X72-PK12,PF7272C024S72X72PK12,PF7272,PF7272,Stocked,63,88,4,"72"" x 72""",12,5.95,71.4,P Free Frosty-24 (Green) Eco-friendly,Frosty,24,C024,base_sku + color + size + case_pack
PF7278-C024-S72X72-PK12,PF7278C024S72X72PK12,PF7278,PF7278,Stocked,63,89,4,"72"" x 72""",12,6.45,77.4,P Free Frosty-24 (Green) Eco-friendly,Frosty,24,C024,base_sku + color + size + case_pack
VTCNAA-C001-S72X72-PK12,VTCNAAC001S72X72PK12,VTCNAA,VTCNAA,Stocked,63,90,4,"72"" x 72""",12,5.6,67.19999999999999,"Vintaff White-1, Beige-2",White,1,C001,base_sku + color + size + case_pack
VTCNAA-C002-S72X72-PK12,VTCNAAC002S72X72PK12,VTCNAA,VTCNAA,Stocked,63,90,4,"72"" x 72""",12,5.6,67.19999999999999,"Vintaff White-1, Beige-2",Beige,2,C002,base_sku + color + size + case_pack
VT-C001-S72X72-PK12,VTC001S72X72PK12,VT,VT,Stocked,63,91,4,"72"" x 72""",12,5.7,68.4,"Vintaff White-1, Beige-2, Blue-7, Green-8, Frosty-24",White,1,C001,base_sku + color + size + case_pack
VT-C002-S72X72-PK12,VTC002S72X72PK12,VT,VT,Stocked,63,91,4,"72"" x 72""",12,5.7,68.4,"Vintaff White-1, Beige-2, Blue-7, Green-8, Frosty-24",Beige,2,C002,base_sku + color + size + case_pack
VT-C007-S72X72-PK12,VTC007S72X72PK12,VT,VT,Stocked,63,91,4,"72"" x 72""",12,5.7,68.4,"Vintaff White-1, Beige-2, Blue-7, Green-8, Frosty-24",Blue,7,C007,base_sku + color + size + case_pack
VT-C008-S72X72-PK12,VTC008S72X72PK12,VT,VT,Stocked,63,91,4,"72"" x 72""",12,5.7,68.4,"Vintaff White-1, Beige-2, Blue-7, Green-8, Frosty-24",Green,8,C008,base_sku + color + size + case_pack
VT-C024-S72X72-PK12,VTC024S72X72PK12,VT,VT,Stocked,63,91,4,"72"" x 72""",12,5.7,68.4,"Vintaff White-1, Beige-2, Blue-7, Green-8, Frosty-24",Frosty,24,C024,base_sku + color + size + case_pack
VT-C001-S48X72-PK18,VTC001S48X72PK18,VT,VT,Stocked,63,91,5,"48"" x 72""",18,5.5,99,"Vintaff White-1, Beige-2, Blue-7, Green-8, Frosty-24",White,1,C001,base_sku + color + size + case_pack
VT-C002-S48X72-PK18,VTC002S48X72PK18,VT,VT,Stocked,63,91,5,"48"" x 72""",18,5.5,99,"Vintaff White-1, Beige-2, Blue-7, Green-8, Frosty-24",Beige,2,C002,base_sku + color + size + case_pack
VT-C007-S48X72-PK18,VTC007S48X72PK18,VT,VT,Stocked,63,91,5,"48"" x 72""",18,5.5,99,"Vintaff White-1, Beige-2, Blue-7, Green-8, Frosty-24",Blue,7,C007,base_sku + color + size + case_pack
VT-C008-S48X72-PK18,VTC008S48X72PK18,VT,VT,Stocked,63,91,5,"48"" x 72""",18,5.5,99,"Vintaff White-1, Beige-2, Blue-7, Green-8, Frosty-24",Green,8,C008,base_sku + color + size + case_pack
VT-C024-S48X72-PK18,VTC024S48X72PK18,VT,VT,Stocked,63,91,5,"48"" x 72""",18,5.5,99,"Vintaff White-1, Beige-2, Blue-7, Green-8, Frosty-24",Frosty,24,C024,base_sku + color + size + case_pack
VT-C001-S42X72-PK18,VTC001S42X72PK18,VT,VT,Stocked,63,91,6,"42"" x 72""",18,5,90,"Vintaff White-1, Beige-2, Blue-7, Green-8, Frosty-24",White,1,C001,base_sku + color + size + case_pack
VT-C002-S42X72-PK18,VTC002S42X72PK18,VT,VT,Stocked,63,91,6,"42"" x 72""",18,5,90,"Vintaff White-1, Beige-2, Blue-7, Green-8, Frosty-24",Beige,2,C002,base_sku + color + size + case_pack
VT-C007-S42X72-PK18,VTC007S42X72PK18,VT,VT,Stocked,63,91,6,"42"" x 72""",18,5,90,"Vintaff White-1, Beige-2, Blue-7, Green-8, Frosty-24",Blue,7,C007,base_sku + color + size + case_pack
VT-C008-S42X72-PK18,VTC008S42X72PK18,VT,VT,Stocked,63,91,6,"42"" x 72""",18,5,90,"Vintaff White-1, Beige-2, Blue-7, Green-8, Frosty-24",Green,8,C008,base_sku + color + size + case_pack
VT-C024-S42X72-PK18,VTC024S42X72PK18,VT,VT,Stocked,63,91,6,"42"" x 72""",18,5,90,"Vintaff White-1, Beige-2, Blue-7, Green-8, Frosty-24",Frosty,24,C024,base_sku + color + size + case_pack
VT-C001-S36X72-PK24,VTC001S36X72PK24,VT,VT,Stocked,63,91,7,"36"" x 72""",24,3.4,81.6,"Vintaff White-1, Beige-2, Blue-7, Green-8, Frosty-24",White,1,C001,base_sku + color + size + case_pack
VT-C002-S36X72-PK24,VTC002S36X72PK24,VT,VT,Stocked,63,91,7,"36"" x 72""",24,3.4,81.6,"Vintaff White-1, Beige-2, Blue-7, Green-8, Frosty-24",Beige,2,C002,base_sku + color + size + case_pack
VT-C007-S36X72-PK24,VTC007S36X72PK24,VT,VT,Stocked,63,91,7,"36"" x 72""",24,3.4,81.6,"Vintaff White-1, Beige-2, Blue-7, Green-8, Frosty-24",Blue,7,C007,base_sku + color + size + case_pack
VT-C008-S36X72-PK24,VTC008S36X72PK24,VT,VT,Stocked,63,91,7,"36"" x 72""",24,3.4,81.6,"Vintaff White-1, Beige-2, Blue-7, Green-8, Frosty-24",Green,8,C008,base_sku + color + size + case_pack
VT-C024-S36X72-PK24,VTC024S36X72PK24,VT,VT,Stocked,63,91,7,"36"" x 72""",24,3.4,81.6,"Vintaff White-1, Beige-2, Blue-7, Green-8, Frosty-24",Frosty,24,C024,base_sku + color + size + case_pack
VSCNAABM-C001-S72X72-PK12,VSCNAABMC001S72X72PK12,VSCNAABM,VSCNAA BM,Stocked,63,94,4,"72"" x 72""",12,5.6,67.19999999999999,"Vinsoft White-1, Frosty-24 w/ bottom mags",White,1,C001,base_sku + color + size + case_pack
VSCNAABM-C024-S72X72-PK12,VSCNAABMC024S72X72PK12,VSCNAABM,VSCNAA BM,Stocked,63,94,4,"72"" x 72""",12,5.6,67.19999999999999,"Vinsoft White-1, Frosty-24 w/ bottom mags",Frosty,24,C024,base_sku + color + size + case_pack
VLCNAA-C001-S72X72-PK12,VLCNAAC001S72X72PK12,VLCNAA,VLCNAA,Stocked,63,98,4,"72"" x 72""",12,4.1,49.199999999999996,"Vinyl Liner White-1, Beige-2 (Packed 24/case)",White,1,C001,base_sku + color + size + case_pack
VLCNAA-C002-S72X72-PK12,VLCNAAC002S72X72PK12,VLCNAA,VLCNAA,Stocked,63,98,4,"72"" x 72""",12,4.1,49.199999999999996,"Vinyl Liner White-1, Beige-2 (Packed 24/case)",Beige,2,C002,base_sku + color + size + case_pack
VL3AA-C001-S72X72-PK12,VL3AAC001S72X72PK12,VL3AA,VL3AA,Stocked,63,102,4,"72"" x 72""",12,3.75,45,Vinyl Liner White-1 (Packed 24/case),White,1,C001,base_sku + color + size + case_pack
