parent_product_id,title,source_url,payload_sku,missing_sku_count,category_match_status,category_match_score,matched_product_id,matched_product_sku,matched_product_name,category_ids,category_paths,image_count,first_image_url
27219,Kartri Hang2It Vision Check Polyester Shower Curtain With Window & Snap Away Liner 72x77 White With Chrome Buckles 12 Per Case Price Per Each,https://www.ahscompany.com/Kartri-Hang2It-Vision-Check-Polyester-Shower-Curtain-With-Window-Snap-Away-Liner-72x77-White-With-Chrome-Buckles-12-Per-Case-Price-Per-Each_p_27219.html,EZ-VC77-1-WSLN,1,matched,39.23,110138,VC2006,KARTRI| VISION CHECK SHEER| POLYESTE|R SHOWER CURTAIN W/ SEWN EYELETS 70x72 PACK OF 12,5446|5450,Hotel Bathroom Supplies > Hotel Shower Curtains || Hotel Bathroom Supplies > Hotel Shower Curtains > Fabric Curtains,4,https://www.ahscompany.com/assets/images/kartri/ez-vc77-1-wslnnew.jpg
27706,Kartri Hang2It Nylon Shower Curtain 72x74 White 12 Per Case Price Per Each,https://www.ahscompany.com/Kartri-Hang2It-Nylon-Shower-Curtain-72x74-White-12-Per-Case-Price-Per-Each_p_27706.html,EZ-NYA-1,1,matched,55.0,110178,EZ-RASE,KARTRI| RAMSEY EZY-HANG| POLYESTER SHOWER CURTAIN 72x74 PACK OF 12,5446|5450,Hotel Bathroom Supplies > Hotel Shower Curtains || Hotel Bathroom Supplies > Hotel Shower Curtains > Fabric Curtains,1,https://www.ahscompany.com/assets/images/kartri/ez-nya-1-1000new.jpg
23091,Kartri Hang2It Stardust Polyester Shower Curtain 72x74 White or Beige 12 Per Case Price Per Each,https://www.ahscompany.com/Kartri-Hang2It-Stardust-Polyester-Shower-Curtain-72x74-White-or-Beige-12-Per-Case-Price-Per-Each_p_23091.html,EZ-STDUA,2,matched,97.22,110176,EZ-STDU,KARTRI| STARDUST EZY-HANG| POLYESTER SHOWER CURTAIN 72X74 WHITE OR BEIGE PACK OF 12,5446|5450,Hotel Bathroom Supplies > Hotel Shower Curtains || Hotel Bathroom Supplies > Hotel Shower Curtains > Fabric Curtains,7,https://www.ahscompany.com/assets/images/kartri/ez-stduanewbw.jpg
29871,Kartri Hang2It Poly Dot Polyester Shower Curtain With Window & Snap Away Liner 72x77 White 12 Per Case Price Per Each,https://www.ahscompany.com/Kartri-Hang2It-Poly-Dot-Polyester-Shower-Curtain-With-Window-Snap-Away-Liner-72x77-White-12-Per-Case-Price-Per-Each_p_29871.html,EZ-W-PD77-1,1,matched,39.0,110178,EZ-RASE,KARTRI| RAMSEY EZY-HANG| POLYESTER SHOWER CURTAIN 72x74 PACK OF 12,5446|5450,Hotel Bathroom Supplies > Hotel Shower Curtains || Hotel Bathroom Supplies > Hotel Shower Curtains > Fabric Curtains,4,https://www.ahscompany.com/assets/images/kartri/ez-w-pd77-1new.jpg
19876,Kartri Vision Check Sheer Polyester Shower Curtain With Sewn Eyelets 72x72 White or Beige 12 Per Case Price Per Each,https://www.ahscompany.com/Kartri-Vision-Check-Sheer-Polyester-Shower-Curtain-With-Sewn-Eyelets-72x72-White-or-Beige-12-Per-Case-Price-Per-Each_p_19876.html,VCA,2,matched,78.46,110138,VC2006,KARTRI| VISION CHECK SHEER| POLYESTE|R SHOWER CURTAIN W/ SEWN EYELETS 70x72 PACK OF 12,5446|5450,Hotel Bathroom Supplies > Hotel Shower Curtains || Hotel Bathroom Supplies > Hotel Shower Curtains > Fabric Curtains,2,https://www.ahscompany.com/assets/images/kartri/vc2006.jpg
27177,Kartri Satin Box Polyester Shower Curtain With Sewn Eyelets 72x72 White 12 Per Case Price Per Each,https://www.ahscompany.com/Kartri-Satin-Box-Polyester-Shower-Curtain-With-Sewn-Eyelets-72x72-White-12-Per-Case-Price-Per-Each_p_27177.html,SBOXA,1,matched,43.33,110126,ML2007,Kartri | Millennium | Polyester Shower Curtain w/ Sewn Eyelets | Pack of 12,5446,Hotel Bathroom Supplies > Hotel Shower Curtains,2,https://www.ahscompany.com/assets/images/kartri/sbox-correct.jpg
19872,Kartri Eco-Friendly Waffle Supreme Polyester Shower Curtain With Metal Grommets 72x72 White 12 Per Case Price Per Each,https://www.ahscompany.com/Kartri-Eco-Friendly-Waffle-Supreme-Polyester-Shower-Curtain-With-Metal-Grommets-72x72-White-12-Per-Case-Price-Per-Each_p_19872.html,G-WSA-1,1,matched,70.0,110136,WA4030SU-1,KARTRI| SUPREME WAFFLE| POLYESTER SHOWER CURTAIN W/ METAL GROMMETS PACK OF 12,5446|5450,Hotel Bathroom Supplies > Hotel Shower Curtains || Hotel Bathroom Supplies > Hotel Shower Curtains > Fabric Curtains,2,https://www.ahscompany.com/assets/images/kartri/wa4030su.jpg
27183,Kartri Urban Waffle Polyester Shower Curtain With Metal Grommets 72x72 White 6 Per Case Price Per Each,https://www.ahscompany.com/Kartri-Urban-Waffle-Polyester-Shower-Curtain-With-Metal-Grommets-72x72-White-6-Per-Case-Price-Per-Each_p_27183.html,G-URA,1,matched,43.33,110136,WA4030SU-1,KARTRI| SUPREME WAFFLE| POLYESTER SHOWER CURTAIN W/ METAL GROMMETS PACK OF 12,5446|5450,Hotel Bathroom Supplies > Hotel Shower Curtains || Hotel Bathroom Supplies > Hotel Shower Curtains > Fabric Curtains,3,https://www.ahscompany.com/assets/images/kartri/ur2011-1.jpg
19917,Kartri 8 Gauge Peva Plain Vinyl Shower Curtain With Metal Grommets 72x72 White or Frosty 12 Per Case Price Per Each,https://www.ahscompany.com/Kartri-8-Gauge-Peva-Plain-Vinyl-Shower-Curtain-With-Metal-Grommets-72x72-White-or-Frosty-12-Per-Case-Price-Per-Each_p_19917.html,PVA BM,2,matched,106.67,110155,PA2008,KARTRI| 8 GAUGE PEVA PLAIN| VINYL SHOWER CURTAIN W/ METAL GROMMETS 72x72 PACK OF 12,5446|5447,Hotel Bathroom Supplies > Hotel Shower Curtains || Hotel Bathroom Supplies > Hotel Shower Curtains > Vinyl Curtains,2,https://www.ahscompany.com/assets/images/kartri/pa2008.jpg
27188,Kartri 4 Gauge Vinyl Liner With Metal Grommets White or Beige 72x72 24 Per Case Price Per Each,https://www.ahscompany.com/Kartri-4-Gauge-Vinyl-Liner-With-Metal-Grommets-White-or-Beige-72x72-24-Per-Case-Price-Per-Each_p_27188.html,VLCNAA,2,matched,68.18,110173,VS5700-1,KARTRI| 5 GAUGE VINSOFT| VINYL SHOWER CURTAIN W/ METAL GROMMETS PACK OF 24,5446|5447,Hotel Bathroom Supplies > Hotel Shower Curtains || Hotel Bathroom Supplies > Hotel Shower Curtains > Vinyl Curtains,2,https://www.ahscompany.com/assets/images/kartri/vl4700.jpg
19930,Kartri 5 Gauge Vinsoft Vinyl Shower Curtain With Metal Grommets 72x72 White or Frosty 12 Per Case Price Per Each,https://www.ahscompany.com/Kartri-5-Gauge-Vinsoft-Vinyl-Shower-Curtain-With-Metal-Grommets-72x72-White-or-Frosty-12-Per-Case-Price-Per-Each_p_19930.html,VSCNAA BM,2,matched,78.46,110151,SSCNA,KARTRI| 10 GAUGE PEBBLES| VINYL SHOWER CURTAIN W/ METAL GROMMETS 72x72 PACK OF 12,5446|5447,Hotel Bathroom Supplies > Hotel Shower Curtains || Hotel Bathroom Supplies > Hotel Shower Curtains > Vinyl Curtains,2,https://www.ahscompany.com/assets/images/kartri/vs5700.jpg
27691,Kartri 3 Gauge Vinyl Liner With Metal Grommets 72x72 White 24 Per Case Price Per Each,https://www.ahscompany.com/Kartri-3-Gauge-Vinyl-Liner-With-Metal-Grommets-72x72-White-24-Per-Case-Price-Per-Each_p_27691.html,VL3AA,1,matched,72.22,110173,VS5700-1,KARTRI| 5 GAUGE VINSOFT| VINYL SHOWER CURTAIN W/ METAL GROMMETS PACK OF 24,5446|5447,Hotel Bathroom Supplies > Hotel Shower Curtains || Hotel Bathroom Supplies > Hotel Shower Curtains > Vinyl Curtains,1,https://www.ahscompany.com/assets/images/kartri/vl4700.jpg
27229,Kartri Hang2It Replacement Liners 70x69 White or Beige 12 Per Case Price Per Each,https://www.ahscompany.com/Kartri-Hang2It-Replacement-Liners-70x69-White-or-Beige-12-Per-Case-Price-Per-Each_p_27229.html,EZ-RL1-H74,2,matched,65.0,110176,EZ-STDU,KARTRI| STARDUST EZY-HANG| POLYESTER SHOWER CURTAIN 72X74 WHITE OR BEIGE PACK OF 12,5446|5450,Hotel Bathroom Supplies > Hotel Shower Curtains || Hotel Bathroom Supplies > Hotel Shower Curtains > Fabric Curtains,2,https://www.ahscompany.com/assets/images/kartri/ez-rl-74.jpg
27226,Kartri Hang2It Replacement Liners With Window 70x54 White or Beige 12 Per Case Price Per Each,https://www.ahscompany.com/Kartri-Hang2It-Replacement-Liners-With-Window-70x54-White-or-Beige-12-Per-Case-Price-Per-Each_p_27226.html,EZ-RL1-74,2,matched,65.0,110176,EZ-STDU,KARTRI| STARDUST EZY-HANG| POLYESTER SHOWER CURTAIN 72X74 WHITE OR BEIGE PACK OF 12,5446|5450,Hotel Bathroom Supplies > Hotel Shower Curtains || Hotel Bathroom Supplies > Hotel Shower Curtains > Fabric Curtains,2,https://www.ahscompany.com/assets/images/kartri/ez-rl-74.jpg
27227,Kartri Hang2It Replacement Liners With Window 70x57 White or Beige 12 Per Case Price Per Each,https://www.ahscompany.com/Kartri-Hang2It-Replacement-Liners-With-Window-70x57-White-or-Beige-12-Per-Case-Price-Per-Each_p_27227.html,EZ-RL1-77,2,matched,65.0,110176,EZ-STDU,KARTRI| STARDUST EZY-HANG| POLYESTER SHOWER CURTAIN 72X74 WHITE OR BEIGE PACK OF 12,5446|5450,Hotel Bathroom Supplies > Hotel Shower Curtains || Hotel Bathroom Supplies > Hotel Shower Curtains > Fabric Curtains,2,https://www.ahscompany.com/assets/images/kartri/ez-rl-74.jpg
19953,Kartri Rubber Bath Mats 13.5x30 White or Beige 12 Per Case Price Per Each,https://www.ahscompany.com/Kartri-Rubber-Bath-Mats-135x30-White-or-Beige-12-Per-Case-Price-Per-Each_p_19953.html,BMT06,2,matched,106.82,110187,BMT06,KARTRI| RUBBER BATH MATS 29X13 1/2 WHITE OR BEIGE PACK OF 12,5396,Hotel Bathroom Supplies,1,https://www.ahscompany.com/assets/images/kartri/bmt06.jpg
27217,Kartri Hang2It 8 Gauge Vinyl Shower Curtain 72x74 White Or Beige 12 Per Case Price Per Each,https://www.ahscompany.com/Kartri-Hang2It-8-Gauge-Vinyl-Shower-Curtain-72x74-White-Or-Beige-12-Per-Case-Price-Per-Each_p_27217.html,EZ-V8-1,2,matched,79.55,110176,EZ-STDU,KARTRI| STARDUST EZY-HANG| POLYESTER SHOWER CURTAIN 72X74 WHITE OR BEIGE PACK OF 12,5446|5450,Hotel Bathroom Supplies > Hotel Shower Curtains || Hotel Bathroom Supplies > Hotel Shower Curtains > Fabric Curtains,4,https://www.ahscompany.com/assets/images/kartri/ez-v8-1new1.jpg
27717,Kartri Hang2It 8 Gauge Vinyl Shower Curtain 72x77 White 12 Per Case Price Per Each,https://www.ahscompany.com/Kartri-Hang2It-8-Gauge-Vinyl-Shower-Curtain-72x77-White-12-Per-Case-Price-Per-Each_p_27717.html,EZ-V87177-1,1,matched,43.33,110154,FT8700-1,KARTRI| 8 GAUGE FORESTER| VINYL SHOWER CURTAIN W/ METAL GROMMETS PACK OF 12,5446|5447,Hotel Bathroom Supplies > Hotel Shower Curtains || Hotel Bathroom Supplies > Hotel Shower Curtains > Vinyl Curtains,2,https://www.ahscompany.com/assets/images/kartri/ez-v8-1new1.jpg
27699,Kartri Hang2It Duo-Poly Shower Curtain With Window & Snap Away Liner 72x74 White 12 Per Case Price Per Each,https://www.ahscompany.com/Kartri-Hang2It-Duo-Poly-Shower-Curtain-With-Window-Snap-Away-Liner-72x74-White-12-Per-Case-Price-Per-Each_p_27699.html,EZ-DUO74-1-WSL,2,matched,53.89,110178,EZ-RASE,KARTRI| RAMSEY EZY-HANG| POLYESTER SHOWER CURTAIN 72x74 PACK OF 12,5446|5450,Hotel Bathroom Supplies > Hotel Shower Curtains || Hotel Bathroom Supplies > Hotel Shower Curtains > Fabric Curtains,4,https://www.ahscompany.com/assets/images/kartri/duopolywhitewhite1.jpg
29870,Kartri Hang2It Duo-Poly Shower Curtain With Window & Snap Away Liner 72x77 White 12 Per Case Price Per Each,https://www.ahscompany.com/Kartri-Hang2It-Duo-Poly-Shower-Curtain-With-Window-Snap-Away-Liner-72x77-White-12-Per-Case-Price-Per-Each_p_29870.html,EZ-DUO77-1-WSL,2,matched,39.0,110178,EZ-RASE,KARTRI| RAMSEY EZY-HANG| POLYESTER SHOWER CURTAIN 72x74 PACK OF 12,5446|5450,Hotel Bathroom Supplies > Hotel Shower Curtains || Hotel Bathroom Supplies > Hotel Shower Curtains > Fabric Curtains,3,https://www.ahscompany.com/assets/images/kartri/e2z-duo74-1-wsl_2.jpg
27197,Kartri Hang2It Empire Waffle Polyester Shower Curtain With Snap Away Liner 72x74 White or Beige 12 Per Case Price Per Each,https://www.ahscompany.com/Kartri-Hang2It-Empire-Waffle-Polyester-Shower-Curtain-With-Snap-Away-Liner-72x74-White-or-Beige-12-Per-Case-Price-Per-Each_p_27197.html,EZ-EP74-1-SLN,2,matched,79.55,110176,EZ-STDU,KARTRI| STARDUST EZY-HANG| POLYESTER SHOWER CURTAIN 72X74 WHITE OR BEIGE PACK OF 12,5446|5450,Hotel Bathroom Supplies > Hotel Shower Curtains || Hotel Bathroom Supplies > Hotel Shower Curtains > Fabric Curtains,5,https://www.ahscompany.com/assets/images/kartri/ez-ep74-1-c-wslnnew9.jpg
27201,Kartri Hang2It Herringbone Polyester Shower Curtain With Window & Snap Away Liner 72x74 White With Chrome Buckles 12 Per Case Price Per Each,https://www.ahscompany.com/Kartri-Hang2It-Herringbone-Polyester-Shower-Curtain-With-Window-Snap-Away-Liner-72x74-White-With-Chrome-Buckles-12-Per-Case-Price-Per-Each_p_27201.html,E2Z-HB1-74-WSL,1,matched,28.0,110178,EZ-RASE,KARTRI| RAMSEY EZY-HANG| POLYESTER SHOWER CURTAIN 72x74 PACK OF 12,5446|5450,Hotel Bathroom Supplies > Hotel Shower Curtains || Hotel Bathroom Supplies > Hotel Shower Curtains > Fabric Curtains,4,https://www.ahscompany.com/assets/images/kartri/e2z-hb1-74-wslnew.jpg
27202,Kartri Hang2It Herringbone Polyester Shower Curtain With Window & Snap Away Liner 72x77 White With Chrome Buckles 12 Per Case Price Per Each,https://www.ahscompany.com/Kartri-Hang2It-Herringbone-Polyester-Shower-Curtain-With-Window-Snap-Away-Liner-72x77-White-With-Chrome-Buckles-12-Per-Case-Price-Per-Each_p_27202.html,E2Z-HB1-77-WSL,1,matched,27.27,110201,KA412R,KARTRI| CHROME| OPEN ROLLER| SHOWER CURTAIN HOOKS PACK OF 12 DZ,5452,Hotel Bathroom Supplies > Hotel Shower Curtains > Shower Hook Replacements,4,https://www.ahscompany.com/assets/images/kartri/e2z-hb1-74-wslnew.jpg
27205,Kartri Hang2It Matt-Satin Polyester Shower Curtain With Window & Snap Away Liner 72x74 Chrome Buckles 12 Per Case Price Per Each,https://www.ahscompany.com/Kartri-Hang2It-Matt-Satin-Polyester-Shower-Curtain-With-Window-Snap-Away-Liner-72x74-Chrome-Buckles-12-Per-Case-Price-Per-Each_p_27205.html,EZ-MS74-WW-1WSLN,2,matched,52.27,110178,EZ-RASE,KARTRI| RAMSEY EZY-HANG| POLYESTER SHOWER CURTAIN 72x74 PACK OF 12,5446|5450,Hotel Bathroom Supplies > Hotel Shower Curtains || Hotel Bathroom Supplies > Hotel Shower Curtains > Fabric Curtains,2,https://www.ahscompany.com/assets/images/kartri/ez-ms74-ww-1wslnwhitenew.jpg
27206,Kartri Hang2It Matt-Satin Polyester Shower Curtain With Window & Snap Away Liner 72x77 White With Chrome Buckles 12 Per Case Price Per Each,https://www.ahscompany.com/Kartri-Hang2It-Matt-Satin-Polyester-Shower-Curtain-With-Window-Snap-Away-Liner-72x77-White-With-Chrome-Buckles-12-Per-Case-Price-Per-Each_p_27206.html,EZ-MS77-WW-1WSLN,1,matched,38.64,112438,EZ-SSB-1,HANG2IT White Buckles on White Vinyl Shower Curtain pack of 20,5396|5442|5446|5447|5448,Hotel Bathroom Supplies || Monthly Specials || Hotel Bathroom Supplies > Hotel Shower Curtains || Hotel Bathroom Supplies > Hotel Shower Curtains > Vinyl Curtains || Clearance,2,https://www.ahscompany.com/assets/images/kartri/ez-ms74-ww-1wslnwhitenew.jpg
27702,Kartri Hang2It Millennium Polyester Shower Curtain With Window & Snap Away Liner 72x74 White With White Buckles 12 Per Case Price Per Each,https://www.ahscompany.com/Kartri-Hang2It-Millennium-Polyester-Shower-Curtain-With-Window-Snap-Away-Liner-72x74-White-With-White-Buckles-12-Per-Case-Price-Per-Each_p_27702.html,E2Z-ML74-1WSLN,1,matched,30.0,110126,ML2007,Kartri | Millennium | Polyester Shower Curtain w/ Sewn Eyelets | Pack of 12,5446,Hotel Bathroom Supplies > Hotel Shower Curtains,3,https://www.ahscompany.com/assets/images/kartri/e2z-ml77-1wslneww.jpg
27207,Kartri Hang2It Millennium Polyester Shower Curtain With Window & Snap Away Liner 72x77 White With White Buckles 12 Per Case Price Per Each,https://www.ahscompany.com/Kartri-Hang2It-Millennium-Polyester-Shower-Curtain-With-Window-Snap-Away-Liner-72x77-White-With-White-Buckles-12-Per-Case-Price-Per-Each_p_27207.html,E2Z-ML77-1WSLN,1,matched,30.0,110126,ML2007,Kartri | Millennium | Polyester Shower Curtain w/ Sewn Eyelets | Pack of 12,5446,Hotel Bathroom Supplies > Hotel Shower Curtains,3,https://www.ahscompany.com/assets/images/kartri/e2z-ml77-1wslneww.jpg
23098,Kartri Hang2It Moire Polyester Shower Curtain 72x74 White 12 Per Case Price Per Each,https://www.ahscompany.com/Kartri-Hang2It-Moire-Polyester-Shower-Curtain-72x74-White-12-Per-Case-Price-Per-Each_p_23098.html,EZ-MOREA-1,1,matched,68.33,110179,EZ-MORE,KARTRI| MOIRE EZY-HANG| POLYESTER SHOWER CURTAIN 72X74 WHITE OR BEIGE PACK OF 12,5446|5450,Hotel Bathroom Supplies > Hotel Shower Curtains || Hotel Bathroom Supplies > Hotel Shower Curtains > Fabric Curtains,4,https://www.ahscompany.com/assets/images/kartri/ez-moreanew3.jpg
27705,Kartri Hang2It Moire Polyester Shower Curtain With Window 72x77 White 12 Per Case Price Per Each,https://www.ahscompany.com/Kartri-Hang2It-Moire-Polyester-Shower-Curtain-With-Window-72x77-White-12-Per-Case-Price-Per-Each_p_27705.html,EZ-MORE77-1-W,1,matched,53.0,110179,EZ-MORE,KARTRI| MOIRE EZY-HANG| POLYESTER SHOWER CURTAIN 72X74 WHITE OR BEIGE PACK OF 12,5446|5450,Hotel Bathroom Supplies > Hotel Shower Curtains || Hotel Bathroom Supplies > Hotel Shower Curtains > Fabric Curtains,4,https://www.ahscompany.com/assets/images/kartri/ez-moreanew1.jpg
30232,Kartri Hang2It Moire Polyester Shower Curtain With Window & Snap Away Liner 72x74 White 12 Per Case Price Per Each,https://www.ahscompany.com/Kartri-Hang2It-Moire-Polyester-Shower-Curtain-With-Window-Snap-Away-Liner-72x74-White-12-Per-Case-Price-Per-Each_p_30232.html,EZ-MOREA-1-WSLN,1,matched,68.33,110179,EZ-MORE,KARTRI| MOIRE EZY-HANG| POLYESTER SHOWER CURTAIN 72X74 WHITE OR BEIGE PACK OF 12,5446|5450,Hotel Bathroom Supplies > Hotel Shower Curtains || Hotel Bathroom Supplies > Hotel Shower Curtains > Fabric Curtains,4,https://www.ahscompany.com/assets/images/kartri/ez-morea-1-w-full.jpg
23100,Kartri Hang2It 150 Denier Polyester Liner 72x74 White 12 Per Case Price Per Each,https://www.ahscompany.com/Kartri-Hang2It-150-Denier-Polyester-Liner-72x74-White-12-Per-Case-Price-Per-Each_p_23100.html,EZ-150PA-1,1,matched,81.0,110181,EZ-150P,KARTRI| EZY-HANG 150 DENIER| POLYESTER LINER 72X74 WHITE OR BEIGE PACK OF 12,5446|5450,Hotel Bathroom Supplies > Hotel Shower Curtains || Hotel Bathroom Supplies > Hotel Shower Curtains > Fabric Curtains,2,https://www.ahscompany.com/assets/images/kartri/ez-150pa-1new2.jpg
19858,Kartri Dobbie Polyester Shower Curtain With Sewn Eyelets 72x72 White or Beige 12 Per Case Price Per Each,https://www.ahscompany.com/Kartri-Dobbie-Polyester-Shower-Curtain-With-Sewn-Eyelets-72x72-White-or-Beige-12-Per-Case-Price-Per-Each_p_19858.html,SP,2,matched,42.0,110126,ML2007,Kartri | Millennium | Polyester Shower Curtain w/ Sewn Eyelets | Pack of 12,5446,Hotel Bathroom Supplies > Hotel Shower Curtains,2,https://www.ahscompany.com/assets/images/Kartri/sp3020_1.jpg
30235,Kartri Dobbie Polyester Shower Curtain With Sewn Eyelets 36x72 White or Beige 24 Per Case Price Per Each,https://www.ahscompany.com/Kartri-Dobbie-Polyester-Shower-Curtain-With-Sewn-Eyelets-36x72-White-or-Beige-24-Per-Case-Price-Per-Each_p_30235.html,SP-2,2,matched,27.27,110126,ML2007,Kartri | Millennium | Polyester Shower Curtain w/ Sewn Eyelets | Pack of 12,5446,Hotel Bathroom Supplies > Hotel Shower Curtains,2,https://www.ahscompany.com/assets/images/Kartri/sp3020_1.jpg
19879,Kartri Duck Twill Shower Curtain With Metal Grommets 72x72 White or Beige 12 Per Case Price Per Each,https://www.ahscompany.com/Kartri-Duck-Twill-Shower-Curtain-With-Metal-Grommets-72x72-White-or-Beige-12-Per-Case-Price-Per-Each_p_19879.html,DK,2,matched,51.43,110151,SSCNA,KARTRI| 10 GAUGE PEBBLES| VINYL SHOWER CURTAIN W/ METAL GROMMETS 72x72 PACK OF 12,5446|5447,Hotel Bathroom Supplies > Hotel Shower Curtains || Hotel Bathroom Supplies > Hotel Shower Curtains > Vinyl Curtains,2,https://www.ahscompany.com/assets/images/Kartri/duckbeigecolorchart.jpg
30236,Kartri Duck Twill Shower Curtain With Metal Grommets 36x72 White or Beige 24 Per Case Price Per Each,https://www.ahscompany.com/Kartri-Duck-Twill-Shower-Curtain-With-Metal-Grommets-36x72-White-or-Beige-24-Per-Case-Price-Per-Each_p_30236.html,DK-2,2,matched,39.23,110173,VS5700-1,KARTRI| 5 GAUGE VINSOFT| VINYL SHOWER CURTAIN W/ METAL GROMMETS PACK OF 24,5446|5447,Hotel Bathroom Supplies > Hotel Shower Curtains || Hotel Bathroom Supplies > Hotel Shower Curtains > Vinyl Curtains,2,https://www.ahscompany.com/assets/images/Kartri/duckbeigecolorchart.jpg
19860,Kartri Dynasty Polyester Shower Curtain With Sewn Eyelets 72x72 White or Beige 12 Per Case Price Per Each,https://www.ahscompany.com/Kartri-Dynasty-Polyester-Shower-Curtain-With-Sewn-Eyelets-72x72-White-or-Beige-12-Per-Case-Price-Per-Each_p_19860.html,DY,2,matched,82.78,110133,DY,KARTRI| DYNASTY| POLYESTER SHOWER CURTAIN W/ SEWN EYELETS PACK OF 12,5446|5450,Hotel Bathroom Supplies > Hotel Shower Curtains || Hotel Bathroom Supplies > Hotel Shower Curtains > Fabric Curtains,2,https://www.ahscompany.com/assets/images/kartri/dy3040.jpg
30237,Kartri Dynasty Polyester Shower Curtain With Sewn Eyelets 36x72 White or Beige 24 Per Case Price Per Each,https://www.ahscompany.com/Kartri-Dynasty-Polyester-Shower-Curtain-With-Sewn-Eyelets-36x72-White-or-Beige-24-Per-Case-Price-Per-Each_p_30237.html,DY-2,2,matched,67.0,110133,DY,KARTRI| DYNASTY| POLYESTER SHOWER CURTAIN W/ SEWN EYELETS PACK OF 12,5446|5450,Hotel Bathroom Supplies > Hotel Shower Curtains || Hotel Bathroom Supplies > Hotel Shower Curtains > Fabric Curtains,2,https://www.ahscompany.com/assets/images/kartri/dy3040.jpg
19862,Kartri Kar-Rib Polyester Shower Curtain With Sewn Eyelets 72x72 White or Navy 12 Per Case Price Per Each,https://www.ahscompany.com/Kartri-Kar-Rib-Polyester-Shower-Curtain-With-Sewn-Eyelets-72x72-White-or-Navy-12-Per-Case-Price-Per-Each_p_19862.html,KR,2,matched,70.0,110135,KAR KR3010-1,KARTRI| KAR-RIB| POLYESTER SHOWER CURTAIN W/ SEWN EYELETS PACK OF 12,5446|5450,Hotel Bathroom Supplies > Hotel Shower Curtains || Hotel Bathroom Supplies > Hotel Shower Curtains > Fabric Curtains,3,https://www.ahscompany.com/assets/images/kartri/kr3010.jpg
30238,Kartri Kar-Rib Polyester Shower Curtain With Sewn Eyelets 36x72 White or Navy 24 Per Case Price Per Each,https://www.ahscompany.com/Kartri-Kar-Rib-Polyester-Shower-Curtain-With-Sewn-Eyelets-36x72-White-or-Navy-24-Per-Case-Price-Per-Each_p_30238.html,KR-2,2,matched,54.55,110135,KAR KR3010-1,KARTRI| KAR-RIB| POLYESTER SHOWER CURTAIN W/ SEWN EYELETS PACK OF 12,5446|5450,Hotel Bathroom Supplies > Hotel Shower Curtains || Hotel Bathroom Supplies > Hotel Shower Curtains > Fabric Curtains,3,https://www.ahscompany.com/assets/images/kartri/kr3010.jpg
27688,Kartri Luxor Diamond Waffle Polyester Shower Curtain With Metal Grommets & Window 72x72 White 12 Per Case Price Per Each,https://www.ahscompany.com/Kartri-Luxor-Diamond-Waffle-Polyester-Shower-Curtain-With-Metal-Grommets-Window-72x72-White-12-Per-Case-Price-Per-Each_p_27688.html,FFI-WAF11A,1,matched,72.22,110140,LWAFF,KARTRI| LUXOR DIAMOND WAFFLE| POLYESTER SHOWER CURTAIN W/ METAL GROMMETS PACK OF 6,5446|5450,Hotel Bathroom Supplies > Hotel Shower Curtains || Hotel Bathroom Supplies > Hotel Shower Curtains > Fabric Curtains,2,https://www.ahscompany.com/assets/images/kartri/ffi-waff11a-100.jpg
30234,Kartri Luxor Diamond Waffle Polyester Shower Curtain With Metal Grommets & Window 72x78 White 12 Per Case Price Per Each,https://www.ahscompany.com/Kartri-Luxor-Diamond-Waffle-Polyester-Shower-Curtain-With-Metal-Grommets-Window-72x78-White-12-Per-Case-Price-Per-Each_p_30234.html,FFI-WAF1178,1,matched,72.22,110140,LWAFF,KARTRI| LUXOR DIAMOND WAFFLE| POLYESTER SHOWER CURTAIN W/ METAL GROMMETS PACK OF 6,5446|5450,Hotel Bathroom Supplies > Hotel Shower Curtains || Hotel Bathroom Supplies > Hotel Shower Curtains > Fabric Curtains,2,https://www.ahscompany.com/assets/images/kartri/ffi-waff11a-100.jpg
19866,Kartri Millennium Polyester Shower Curtain With Sewn Eyelets 72x72 White 12 Per Case Price Per Each,https://www.ahscompany.com/Kartri-Millennium-Polyester-Shower-Curtain-With-Sewn-Eyelets-72x72-White-12-Per-Case-Price-Per-Each_p_19866.html,ML-1,1,matched,62.86,110126,ML2007,Kartri | Millennium | Polyester Shower Curtain w/ Sewn Eyelets | Pack of 12,5446,Hotel Bathroom Supplies > Hotel Shower Curtains,1,https://www.ahscompany.com/assets/images/kartri/ml2007.jpg
30239,Kartri Millennium Polyester Shower Curtain With Sewn Eyelets 36x72 White 24 Per Case Price Per Each,https://www.ahscompany.com/Kartri-Millennium-Polyester-Shower-Curtain-With-Sewn-Eyelets-36x72-White-24-Per-Case-Price-Per-Each_p_30239.html,ML-1-36x72,1,matched,45.0,110126,ML2007,Kartri | Millennium | Polyester Shower Curtain w/ Sewn Eyelets | Pack of 12,5446,Hotel Bathroom Supplies > Hotel Shower Curtains,1,https://www.ahscompany.com/assets/images/kartri/ml2007.jpg
19870,Kartri Satein Woven Polyester Shower Curtain With Sewn Eyelets 72x72 White or Beige 12 Per Case Price Per Each,https://www.ahscompany.com/Kartri-Satein-Woven-Polyester-Shower-Curtain-With-Sewn-Eyelets-72x72-White-or-Beige-12-Per-Case-Price-Per-Each_p_19870.html,SNW,2,matched,70.0,110134,SNWOVEN-1,KARTRI| SATEIN WOVEN| POLYESTER SHOWER CURTAIN W/ SEWN EYELETS PACK OF 12,5446|5450,Hotel Bathroom Supplies > Hotel Shower Curtains || Hotel Bathroom Supplies > Hotel Shower Curtains > Fabric Curtains,3,https://www.ahscompany.com/assets/images/kartri/snwoven.jpg
30241,Kartri Satein Woven Polyester Shower Curtain With Sewn Eyelets 36x72 White or Beige 24 Per Case Price Per Each,https://www.ahscompany.com/Kartri-Satein-Woven-Polyester-Shower-Curtain-With-Sewn-Eyelets-36x72-White-or-Beige-24-Per-Case-Price-Per-Each_p_30241.html,SNW-2,2,matched,54.55,110134,SNWOVEN-1,KARTRI| SATEIN WOVEN| POLYESTER SHOWER CURTAIN W/ SEWN EYELETS PACK OF 12,5446|5450,Hotel Bathroom Supplies > Hotel Shower Curtains || Hotel Bathroom Supplies > Hotel Shower Curtains > Fabric Curtains,3,https://www.ahscompany.com/assets/images/kartri/snwoven.jpg
19842,Kartri Eco-Friendly Karlon Polyester Shower Curtain With Sewn Eyelets 72x72 White 6 Per Case Price Per Each,https://www.ahscompany.com/Kartri-Eco-Friendly-Karlon-Polyester-Shower-Curtain-With-Sewn-Eyelets-72x72-White-6-Per-Case-Price-Per-Each_p_19842.html,G-KNA,1,matched,47.14,110147,KN3000,Eco-Friendly Karlon Polyester Shower Curtain  by Kartri,5446|5450,Hotel Bathroom Supplies > Hotel Shower Curtains || Hotel Bathroom Supplies > Hotel Shower Curtains > Fabric Curtains,1,https://www.ahscompany.com/assets/images/kartri/kn3000.jpg
19846,Kartri Nylon Shower Curtain With Sewn Eyelets 72x72 Beige 12 Per Case Price Per Each,https://www.ahscompany.com/Kartri-Nylon-Shower-Curtain-With-Sewn-Eyelets-72x72-Beige-12-Per-Case-Price-Per-Each_p_19846.html,NYCH7272-2,1,matched,60.0,110148,NY2000-1,KARTRI| NYLON LINER W/ SEWN EYELETS PACK OF 12,5446|5450,Hotel Bathroom Supplies > Hotel Shower Curtains || Hotel Bathroom Supplies > Hotel Shower Curtains > Fabric Curtains,1,https://www.ahscompany.com/assets/images/Kartri/nycnaex_1.jpg
27186,Kartri 6 Gauge Eco-Friendly Vinyl Shower Curtain With Metal Grommets 72x72 Frosty 12 Per Case Price Per Each,https://www.ahscompany.com/Kartri-6-Gauge-Eco-Friendly-Vinyl-Shower-Curtain-With-Metal-Grommets-72x72-Frosty-12-Per-Case-Price-Per-Each_p_27186.html,PF7272,1,matched,78.46,110151,SSCNA,KARTRI| 10 GAUGE PEBBLES| VINYL SHOWER CURTAIN W/ METAL GROMMETS 72x72 PACK OF 12,5446|5447,Hotel Bathroom Supplies > Hotel Shower Curtains || Hotel Bathroom Supplies > Hotel Shower Curtains > Vinyl Curtains,1,https://www.ahscompany.com/assets/images/kartri/pfree.jpg
19926,Kartri 6 Gauge Vintaff Vinyl Shower Curtain With Metal Grommets 72x72 12 Per Case Price Per Each,https://www.ahscompany.com/Kartri-6-Gauge-Vintaff-Vinyl-Shower-Curtain-With-Metal-Grommets-72x72-12-Per-Case-Price-Per-Each_p_19926.html,VT,5,matched,86.67,110174,VT6700-1,KARTRI| 6 GAUGE VINTAFF| VINYL SHOWER CURTAIN W/ METAL GROMMETS PACK OF 12,5446|5447,Hotel Bathroom Supplies > Hotel Shower Curtains || Hotel Bathroom Supplies > Hotel Shower Curtains > Vinyl Curtains,2,https://www.ahscompany.com/assets/images/kartri/vt6700.jpg
29876,Kartri 6 Gauge Vintaff Vinyl Shower Curtain With Metal Grommets 36x72 24 Per Case Price Per Each,https://www.ahscompany.com/Kartri-6-Gauge-Vintaff-Vinyl-Shower-Curtain-With-Metal-Grommets-36x72-24-Per-Case-Price-Per-Each_p_29876.html,VT-2,5,matched,70.0,110173,VS5700-1,KARTRI| 5 GAUGE VINSOFT| VINYL SHOWER CURTAIN W/ METAL GROMMETS PACK OF 24,5446|5447,Hotel Bathroom Supplies > Hotel Shower Curtains || Hotel Bathroom Supplies > Hotel Shower Curtains > Vinyl Curtains,2,https://www.ahscompany.com/assets/images/kartri/vt6700.jpg
19924,Kartri 7 Gauge See-Thru Vinyl Shower Curtain With Metal Grommets 72x72 Clear 12 Per Case Price Per Each,https://www.ahscompany.com/Kartri-7-Gauge-See-Thru-Vinyl-Shower-Curtain-With-Metal-Grommets-72x72-Clear-12-Per-Case-Price-Per-Each_p_19924.html,ST,1,matched,80.0,110172,ST2700-1,KARTRI| 7 GAUGE SEE-THRU| VINYL SHOWER CURTAIN W/ METAL GROMMETS PACK OF 24,5446|5447|5448,Hotel Bathroom Supplies > Hotel Shower Curtains || Hotel Bathroom Supplies > Hotel Shower Curtains > Vinyl Curtains || Clearance,1,https://www.ahscompany.com/assets/images/kartri/sta2700-13seethru12.jpg
29882,Kartri 7 Gauge See-Thru Vinyl Shower Curtain With Metal Grommets 36x72 Clear 24 Per Case Price Per Each,https://www.ahscompany.com/Kartri-7-Gauge-See-Thru-Vinyl-Shower-Curtain-With-Metal-Grommets-36x72-Clear-24-Per-Case-Price-Per-Each_p_29882.html,ST-2,1,matched,95.45,110172,ST2700-1,KARTRI| 7 GAUGE SEE-THRU| VINYL SHOWER CURTAIN W/ METAL GROMMETS PACK OF 24,5446|5447|5448,Hotel Bathroom Supplies > Hotel Shower Curtains || Hotel Bathroom Supplies > Hotel Shower Curtains > Vinyl Curtains || Clearance,1,https://www.ahscompany.com/assets/images/kartri/sta2700-13seethru12.jpg
19915,Kartri 8 Gauge Forester Vinyl Shower Curtain With Metal Grommets 72x72 White or Green 12 Per Case Price Per Each,https://www.ahscompany.com/Kartri-8-Gauge-Forester-Vinyl-Shower-Curtain-With-Metal-Grommets-72x72-White-or-Green-12-Per-Case-Price-Per-Each_p_19915.html,FT,2,matched,81.82,110154,FT8700-1,KARTRI| 8 GAUGE FORESTER| VINYL SHOWER CURTAIN W/ METAL GROMMETS PACK OF 12,5446|5447,Hotel Bathroom Supplies > Hotel Shower Curtains || Hotel Bathroom Supplies > Hotel Shower Curtains > Vinyl Curtains,2,https://www.ahscompany.com/assets/images/kartri/ft8700-1_forester_white.jpg
29879,Kartri 8 Gauge Forester Vinyl Shower Curtain With Metal Grommets 36x72 White or Green 24 Per Case Price Per Each,https://www.ahscompany.com/Kartri-8-Gauge-Forester-Vinyl-Shower-Curtain-With-Metal-Grommets-36x72-White-or-Green-24-Per-Case-Price-Per-Each_p_29879.html,FT-2,2,matched,66.67,110154,FT8700-1,KARTRI| 8 GAUGE FORESTER| VINYL SHOWER CURTAIN W/ METAL GROMMETS PACK OF 12,5446|5447,Hotel Bathroom Supplies > Hotel Shower Curtains || Hotel Bathroom Supplies > Hotel Shower Curtains > Vinyl Curtains,2,https://www.ahscompany.com/assets/images/kartri/ft8700-1_forester_white.jpg
19920,Kartri 8 Gauge San Crepe Vinyl Shower Curtain With Metal Grommets 72x72 12 Per Case Price Per Each,https://www.ahscompany.com/Kartri-8-Gauge-San-Crepe-Vinyl-Shower-Curtain-With-Metal-Grommets-72x72-12-Per-Case-Price-Per-Each_p_19920.html,SC,3,matched,123.0,110169,SC,KARTRI| 8 GAUGE SAN CREPE| VINYL SHOWER CURTAIN W/ METAL GROMMETS PACK OF 12,5446|5447,Hotel Bathroom Supplies > Hotel Shower Curtains || Hotel Bathroom Supplies > Hotel Shower Curtains > Vinyl Curtains,2,https://www.ahscompany.com/assets/images/kartri/sc1700.jpg
29880,Kartri 8 Gauge San Crepe Vinyl Shower Curtain With Metal Grommets 36x72 24 Per Case Price Per Each,https://www.ahscompany.com/Kartri-8-Gauge-San-Crepe-Vinyl-Shower-Curtain-With-Metal-Grommets-36x72-24-Per-Case-Price-Per-Each_p_29880.html,SC-2,3,matched,106.82,110169,SC,KARTRI| 8 GAUGE SAN CREPE| VINYL SHOWER CURTAIN W/ METAL GROMMETS PACK OF 12,5446|5447,Hotel Bathroom Supplies > Hotel Shower Curtains || Hotel Bathroom Supplies > Hotel Shower Curtains > Vinyl Curtains,2,https://www.ahscompany.com/assets/images/kartri/sc1700.jpg
19922,Kartri 8 Gauge Swirl Vinyl Shower Curtain With Metal Grommets 72x72 White 12 Per Case Price Per Each,https://www.ahscompany.com/Kartri-8-Gauge-Swirl-Vinyl-Shower-Curtain-With-Metal-Grommets-72x72-White-12-Per-Case-Price-Per-Each_p_19922.html,SW,1,matched,86.67,110170,SW2000-1,KARTRI| 8 GAUGE SWIRL| VINYL SHOWER CURTAIN W/ METAL GROMMETS PACK OF 12,5446|5447,Hotel Bathroom Supplies > Hotel Shower Curtains || Hotel Bathroom Supplies > Hotel Shower Curtains > Vinyl Curtains,1,https://www.ahscompany.com/assets/images/kartri/sw2000.jpg
29881,Kartri 8 Gauge Swirl Vinyl Shower Curtain With Metal Grommets 36x72 White 24 Per Case Price Per Each,https://www.ahscompany.com/Kartri-8-Gauge-Swirl-Vinyl-Shower-Curtain-With-Metal-Grommets-36x72-White-24-Per-Case-Price-Per-Each_p_29881.html,SW-2,1,matched,70.0,110170,SW2000-1,KARTRI| 8 GAUGE SWIRL| VINYL SHOWER CURTAIN W/ METAL GROMMETS PACK OF 12,5446|5447,Hotel Bathroom Supplies > Hotel Shower Curtains || Hotel Bathroom Supplies > Hotel Shower Curtains > Vinyl Curtains,1,https://www.ahscompany.com/assets/images/kartri/sw2000.jpg
19910,Kartri 10 Gauge San Suede Vinyl Shower Curtain With Metal Grommets 72x72 12 Per Case Price Per Each,https://www.ahscompany.com/Kartri-10-Gauge-San-Suede-Vinyl-Shower-Curtain-With-Metal-Grommets-72x72-12-Per-Case-Price-Per-Each_p_19910.html,SS,7,matched,102.86,110153,SSCNAEX-1,Kartri| 10 Gauge San Suede Executive Flame Retardant| Vinyl Shower Curtain w/ Metal Grommets pack of 12,5446|5447,Hotel Bathroom Supplies > Hotel Shower Curtains || Hotel Bathroom Supplies > Hotel Shower Curtains > Vinyl Curtains,3,https://www.ahscompany.com/assets/images/kartri/ss9700.jpg
29877,Kartri 10 Gauge San Suede Vinyl Shower Curtain With Metal Grommets 36x72 24 Per Case Price Per Each,https://www.ahscompany.com/Kartri-10-Gauge-San-Suede-Vinyl-Shower-Curtain-With-Metal-Grommets-36x72-24-Per-Case-Price-Per-Each_p_29877.html,SS-2,7,matched,88.67,110153,SSCNAEX-1,Kartri| 10 Gauge San Suede Executive Flame Retardant| Vinyl Shower Curtain w/ Metal Grommets pack of 12,5446|5447,Hotel Bathroom Supplies > Hotel Shower Curtains || Hotel Bathroom Supplies > Hotel Shower Curtains > Vinyl Curtains,3,https://www.ahscompany.com/assets/images/kartri/ss9700.jpg
28295,Kartri Nocturne Blend Top Sheet Full 85x110 50% poly 46% Cotton 4% Lycra White 6 Per Case Price Per Each,https://www.ahscompany.com/Kartri-Nocturne-Blend-Top-Sheet-Full-85x110-50-poly-46-Cotton-4-Lycra-White-6-Per-Case-Price-Per-Each_p_28295.html,NOC-F-1,1,matched,24.44,110137,KL4070-1,KARTRI| KATHRYN| FLAME RETARDANT POLY/AVORA BLEND| SHOWER CURTAIN W/ SEWN EYELETS PACK OF 8,5446|5450,Hotel Bathroom Supplies > Hotel Shower Curtains || Hotel Bathroom Supplies > Hotel Shower Curtains > Fabric Curtains,1,https://www.ahscompany.com/assets/images/kartri/kartri-nocturne.jpg
28297,Kartri Nocturne Blend Top Sheet King 108x110 50% poly 46% Cotton 4% Lycra White 6 Per Case Price Per Each,https://www.ahscompany.com/Kartri-Nocturne-Blend-Top-Sheet-King-108x110-50-poly-46-Cotton-4-Lycra-White-6-Per-Case-Price-Per-Each_p_28297.html,NOC-K-1,1,matched,24.44,110137,KL4070-1,KARTRI| KATHRYN| FLAME RETARDANT POLY/AVORA BLEND| SHOWER CURTAIN W/ SEWN EYELETS PACK OF 8,5446|5450,Hotel Bathroom Supplies > Hotel Shower Curtains || Hotel Bathroom Supplies > Hotel Shower Curtains > Fabric Curtains,1,https://www.ahscompany.com/assets/images/kartri/kartri-nocturne.jpg
28296,Kartri Nocturne Blend Top Sheet Queen 93x110 50% poly 46% Cotton 4% Lycra White 6 Per Case Price Per Each,https://www.ahscompany.com/Kartri-Nocturne-Blend-Top-Sheet-Queen-93x110-50-poly-46-Cotton-4-Lycra-White-6-Per-Case-Price-Per-Each_p_28296.html,NOC-Q-1,1,matched,24.44,110137,KL4070-1,KARTRI| KATHRYN| FLAME RETARDANT POLY/AVORA BLEND| SHOWER CURTAIN W/ SEWN EYELETS PACK OF 8,5446|5450,Hotel Bathroom Supplies > Hotel Shower Curtains || Hotel Bathroom Supplies > Hotel Shower Curtains > Fabric Curtains,1,https://www.ahscompany.com/assets/images/kartri/kartri-nocturne.jpg
28294,Kartri Nocturne Blend Top Sheet Twin 72x110 50% poly 46% Cotton 4% Lycra White 6 Per Case Price Per Each,https://www.ahscompany.com/Kartri-Nocturne-Blend-Top-Sheet-Twin-72x110-50-poly-46-Cotton-4-Lycra-White-6-Per-Case-Price-Per-Each_p_28294.html,NOC-T-1,1,matched,36.32,110185,SPECIFY-T,KARTRI| DECORATIVE| TOP BED SHEET| W/ SQUARE CORNERS TWIN WHITE KAR-RIPPLE PACK OF 12,5394|5422,Hotel Bedding Supply || Hotel Bedding Supply > Hotel Bed Sheets and Linen > Hotel Top Sheet,1,https://www.ahscompany.com/assets/images/kartri/kartri-nocturne.jpg
27692,Kartri Impressions Nuage Decorative Top Sheet King 112x98 100% Polyester White 10 Per Case Price Per Each,https://www.ahscompany.com/Kartri-Impressions-Nuage-Decorative-Top-Sheet-King-112x98-100-Polyester-White-10-Per-Case-Price-Per-Each_p_27692.html,IMPNK,1,matched,36.67,110185,SPECIFY-T,KARTRI| DECORATIVE| TOP BED SHEET| W/ SQUARE CORNERS TWIN WHITE KAR-RIPPLE PACK OF 12,5394|5422,Hotel Bedding Supply || Hotel Bedding Supply > Hotel Bed Sheets and Linen > Hotel Top Sheet,2,https://www.ahscompany.com/assets/images/kartri/nuage-1000.jpg
27693,Kartri Impressions Nuage Decorative Top Sheet Queen 96x98 100% Polyester White 10 Per Case Price Per Each,https://www.ahscompany.com/Kartri-Impressions-Nuage-Decorative-Top-Sheet-Queen-96x98-100-Polyester-White-10-Per-Case-Price-Per-Each_p_27693.html,IMPNQ,1,matched,36.67,110185,SPECIFY-T,KARTRI| DECORATIVE| TOP BED SHEET| W/ SQUARE CORNERS TWIN WHITE KAR-RIPPLE PACK OF 12,5394|5422,Hotel Bedding Supply || Hotel Bedding Supply > Hotel Bed Sheets and Linen > Hotel Top Sheet,2,https://www.ahscompany.com/assets/images/kartri/nuage-1000.jpg
28101,Kartri Impressions Nuage Decorative Top Sheet Twin 74x98 100% Polyester White 10 Per Case Price Per Each,https://www.ahscompany.com/Kartri-Impressions-Nuage-Decorative-Top-Sheet-Twin-74x98-100-Polyester-White-10-Per-Case-Price-Per-Each_p_28101.html,IMPNT,1,matched,49.41,110185,SPECIFY-T,KARTRI| DECORATIVE| TOP BED SHEET| W/ SQUARE CORNERS TWIN WHITE KAR-RIPPLE PACK OF 12,5394|5422,Hotel Bedding Supply || Hotel Bedding Supply > Hotel Bed Sheets and Linen > Hotel Top Sheet,2,https://www.ahscompany.com/assets/images/kartri/nuage-1000.jpg
27166,Kartri Impressions Santorini Decorative Top Sheet King 112x98 100% Polyester White 10 Per Case Price Per Each,https://www.ahscompany.com/Kartri-Impressions-Santorini-Decorative-Top-Sheet-King-112x98-100-Polyester-White-10-Per-Case-Price-Per-Each_p_27166.html,IMPSK,1,matched,36.67,110185,SPECIFY-T,KARTRI| DECORATIVE| TOP BED SHEET| W/ SQUARE CORNERS TWIN WHITE KAR-RIPPLE PACK OF 12,5394|5422,Hotel Bedding Supply || Hotel Bedding Supply > Hotel Bed Sheets and Linen > Hotel Top Sheet,2,https://www.ahscompany.com/assets/images/kartri/imps-k-w.jpg
27167,Kartri Impressions Santorini Decorative Top Sheet Queen 96x98 100% Polyester White 10 Per Case Price Per Each,https://www.ahscompany.com/Kartri-Impressions-Santorini-Decorative-Top-Sheet-Queen-96x98-100-Polyester-White-10-Per-Case-Price-Per-Each_p_27167.html,IMPSQ,1,matched,36.67,110185,SPECIFY-T,KARTRI| DECORATIVE| TOP BED SHEET| W/ SQUARE CORNERS TWIN WHITE KAR-RIPPLE PACK OF 12,5394|5422,Hotel Bedding Supply || Hotel Bedding Supply > Hotel Bed Sheets and Linen > Hotel Top Sheet,2,https://www.ahscompany.com/assets/images/kartri/imps-k-w.jpg
28102,Kartri Impressions Santorini Decorative Top Sheet Twin 74x98 100% Polyester White 10 Per Case Price Per Each,https://www.ahscompany.com/Kartri-Impressions-Santorini-Decorative-Top-Sheet-Twin-74x98-100-Polyester-White-10-Per-Case-Price-Per-Each_p_28102.html,IMPST,1,matched,49.41,110185,SPECIFY-T,KARTRI| DECORATIVE| TOP BED SHEET| W/ SQUARE CORNERS TWIN WHITE KAR-RIPPLE PACK OF 12,5394|5422,Hotel Bedding Supply || Hotel Bedding Supply > Hotel Bed Sheets and Linen > Hotel Top Sheet,2,https://www.ahscompany.com/assets/images/kartri/imps-k-w.jpg
27168,Kartri Impressions Wave Decorative Top Sheet King 112x98 100% Polyester White 10 Per Case Price Per Each,https://www.ahscompany.com/Kartri-Impressions-Wave-Decorative-Top-Sheet-King-112x98-100-Polyester-White-10-Per-Case-Price-Per-Each_p_27168.html,IMPWK,1,matched,36.67,110185,SPECIFY-T,KARTRI| DECORATIVE| TOP BED SHEET| W/ SQUARE CORNERS TWIN WHITE KAR-RIPPLE PACK OF 12,5394|5422,Hotel Bedding Supply || Hotel Bedding Supply > Hotel Bed Sheets and Linen > Hotel Top Sheet,3,https://www.ahscompany.com/assets/images/kartri/impw-k-w.jpg
27169,Kartri Impressions Wave Decorative Top Sheet Queen 96x98 100% Polyester White 10 Per Case Price Per Each,https://www.ahscompany.com/Kartri-Impressions-Wave-Decorative-Top-Sheet-Queen-96x98-100-Polyester-White-10-Per-Case-Price-Per-Each_p_27169.html,IMPWQ,1,matched,36.67,110185,SPECIFY-T,KARTRI| DECORATIVE| TOP BED SHEET| W/ SQUARE CORNERS TWIN WHITE KAR-RIPPLE PACK OF 12,5394|5422,Hotel Bedding Supply || Hotel Bedding Supply > Hotel Bed Sheets and Linen > Hotel Top Sheet,3,https://www.ahscompany.com/assets/images/kartri/impw-k-w.jpg
28103,Kartri Impressions Wave Decorative Top Sheet Twin 74x98 100% Polyester White 10 Per Case Price Per Each,https://www.ahscompany.com/Kartri-Impressions-Wave-Decorative-Top-Sheet-Twin-74x98-100-Polyester-White-10-Per-Case-Price-Per-Each_p_28103.html,IMPWT,1,matched,49.41,110185,SPECIFY-T,KARTRI| DECORATIVE| TOP BED SHEET| W/ SQUARE CORNERS TWIN WHITE KAR-RIPPLE PACK OF 12,5394|5422,Hotel Bedding Supply || Hotel Bedding Supply > Hotel Bed Sheets and Linen > Hotel Top Sheet,3,https://www.ahscompany.com/assets/images/kartri/impw-k-w.jpg
27157,Kartri Urban Waffle Decorative Top Sheet With Square Corners Double 85x90 100% Polyester White 6 Per Case Price Per Each,https://www.ahscompany.com/Kartri-Urban-Waffle-Decorative-Top-Sheet-With-Square-Corners-Double-85x90-100-Polyester-White-6-Per-Case-Price-Per-Each_p_27157.html,URBWA-D,1,matched,87.5,110186,WAFFLE-T,KARTRI| DECORATIVE| TOP BED SHEET| W/ SQUARE CORNERS TWIN WHITE URBAN WAFFLE PATTERN PACK OF 12,5394|5422,Hotel Bedding Supply || Hotel Bedding Supply > Hotel Bed Sheets and Linen > Hotel Top Sheet,2,https://www.ahscompany.com/assets/images/kartri/urban-k.jpg
27155,Kartri Urban Waffle Decorative Top Sheet With Square Corners King 105x95 100% Polyester White 6 Per Case Price Per Each,https://www.ahscompany.com/Kartri-Urban-Waffle-Decorative-Top-Sheet-With-Square-Corners-King-105x95-100-Polyester-White-6-Per-Case-Price-Per-Each_p_27155.html,URBWA-K,1,matched,87.5,110186,WAFFLE-T,KARTRI| DECORATIVE| TOP BED SHEET| W/ SQUARE CORNERS TWIN WHITE URBAN WAFFLE PATTERN PACK OF 12,5394|5422,Hotel Bedding Supply || Hotel Bedding Supply > Hotel Bed Sheets and Linen > Hotel Top Sheet,2,https://www.ahscompany.com/assets/images/kartri/urban-k.jpg
27156,Kartri Urban Waffle Decorative Top Sheet With Square Corners Queen 90x95 100% Polyester White 6 Per Case Price Per Each,https://www.ahscompany.com/Kartri-Urban-Waffle-Decorative-Top-Sheet-With-Square-Corners-Queen-90x95-100-Polyester-White-6-Per-Case-Price-Per-Each_p_27156.html,URBWA-Q,1,matched,87.5,110186,WAFFLE-T,KARTRI| DECORATIVE| TOP BED SHEET| W/ SQUARE CORNERS TWIN WHITE URBAN WAFFLE PATTERN PACK OF 12,5394|5422,Hotel Bedding Supply || Hotel Bedding Supply > Hotel Bed Sheets and Linen > Hotel Top Sheet,2,https://www.ahscompany.com/assets/images/kartri/urban-k.jpg
27158,Kartri Urban Waffle Decorative Top Sheet With Square Corners Twin 69x90 100% Polyester White 6 Per Case Price Per Each,https://www.ahscompany.com/Kartri-Urban-Waffle-Decorative-Top-Sheet-With-Square-Corners-Twin-69x90-100-Polyester-White-6-Per-Case-Price-Per-Each_p_27158.html,URBWA-T,1,matched,101.33,110186,WAFFLE-T,KARTRI| DECORATIVE| TOP BED SHEET| W/ SQUARE CORNERS TWIN WHITE URBAN WAFFLE PATTERN PACK OF 12,5394|5422,Hotel Bedding Supply || Hotel Bedding Supply > Hotel Bed Sheets and Linen > Hotel Top Sheet,2,https://www.ahscompany.com/assets/images/kartri/urban-k.jpg
19968,Kartri Waffle Supreme Decorative Top Sheet With Square Corners Double 85x90 100% Polyester White 6 Per Case Price Per Each,https://www.ahscompany.com/Kartri-Waffle-Supreme-Decorative-Top-Sheet-With-Square-Corners-Double-85x90-100-Polyester-White-6-Per-Case-Price-Per-Each_p_19968.html,WASU-D,1,matched,74.12,110186,WAFFLE-T,KARTRI| DECORATIVE| TOP BED SHEET| W/ SQUARE CORNERS TWIN WHITE URBAN WAFFLE PATTERN PACK OF 12,5394|5422,Hotel Bedding Supply || Hotel Bedding Supply > Hotel Bed Sheets and Linen > Hotel Top Sheet,2,https://www.ahscompany.com/assets/images/kartri/waffle-k.jpg
19966,Kartri Waffle Supreme Decorative Top Sheet With Square Corners King 105x95 100% Polyester White 6 Per Case Price Per Each,https://www.ahscompany.com/Kartri-Waffle-Supreme-Decorative-Top-Sheet-With-Square-Corners-King-105x95-100-Polyester-White-6-Per-Case-Price-Per-Each_p_19966.html,WASU-K,1,matched,74.12,110186,WAFFLE-T,KARTRI| DECORATIVE| TOP BED SHEET| W/ SQUARE CORNERS TWIN WHITE URBAN WAFFLE PATTERN PACK OF 12,5394|5422,Hotel Bedding Supply || Hotel Bedding Supply > Hotel Bed Sheets and Linen > Hotel Top Sheet,2,https://www.ahscompany.com/assets/images/kartri/waffle-k.jpg
19967,Kartri Waffle Supreme Decorative Top Sheet With Square Corners Queen 90x95 100% Polyester White 6 Per Case Price Per Each,https://www.ahscompany.com/Kartri-Waffle-Supreme-Decorative-Top-Sheet-With-Square-Corners-Queen-90x95-100-Polyester-White-6-Per-Case-Price-Per-Each_p_19967.html,WASU-Q,1,matched,74.12,110186,WAFFLE-T,KARTRI| DECORATIVE| TOP BED SHEET| W/ SQUARE CORNERS TWIN WHITE URBAN WAFFLE PATTERN PACK OF 12,5394|5422,Hotel Bedding Supply || Hotel Bedding Supply > Hotel Bed Sheets and Linen > Hotel Top Sheet,2,https://www.ahscompany.com/assets/images/kartri/waffle-k.jpg
19969,Kartri Waffle Supreme Decorative Top Sheet With Square Corners Twin 69x90 100% Polyester White 6 Per Case Price Per Each,https://www.ahscompany.com/Kartri-Waffle-Supreme-Decorative-Top-Sheet-With-Square-Corners-Twin-69x90-100-Polyester-White-6-Per-Case-Price-Per-Each_p_19969.html,WASU-T,1,matched,87.5,110186,WAFFLE-T,KARTRI| DECORATIVE| TOP BED SHEET| W/ SQUARE CORNERS TWIN WHITE URBAN WAFFLE PATTERN PACK OF 12,5394|5422,Hotel Bedding Supply || Hotel Bedding Supply > Hotel Bed Sheets and Linen > Hotel Top Sheet,2,https://www.ahscompany.com/assets/images/kartri/waffle-k.jpg
30228,Kartri Quilted Metro Coverlet Full 90x98 100% Microfiber Polyester White 10 Per Case Price Per Each,https://www.ahscompany.com/Kartri-Quilted-Metro-Coverlet-Full-90x98-100-Microfiber-Polyester-White-10-Per-Case-Price-Per-Each_p_30228.html,MC-D,1,weak_match,14.0,112466,hotel coverlet,Double Diamond Coverlet,,,4,https://www.ahscompany.com/assets/images/kartri/mc-k-w.jpg
27160,Kartri Quilted Metro Coverlet King 112x98 100% Microfiber Polyester White 10 Per Case Price Per Each,https://www.ahscompany.com/Kartri-Quilted-Metro-Coverlet-King-112x98-100-Microfiber-Polyester-White-10-Per-Case-Price-Per-Each_p_27160.html,MC-K,1,weak_match,14.0,112466,hotel coverlet,Double Diamond Coverlet,,,4,https://www.ahscompany.com/assets/images/kartri/mc-k-w.jpg
27161,Kartri Quilted Metro Coverlet Queen 96x98 100% Microfiber Polyester White 10 Per Case Price Per Each,https://www.ahscompany.com/Kartri-Quilted-Metro-Coverlet-Queen-96x98-100-Microfiber-Polyester-White-10-Per-Case-Price-Per-Each_p_27161.html,MC-Q,1,weak_match,14.0,112466,hotel coverlet,Double Diamond Coverlet,,,4,https://www.ahscompany.com/assets/images/kartri/mc-k-w.jpg
32674,Kartri Quilted Breezes Coverlet Double 90x98 100% Microfiber Polyester White 8 Per Case Price Per Each,https://www.ahscompany.com/Kartri-Quilted-Breezes-Coverlet-Double-90x98-100-Microfiber-Polyester-White-8-Per-Case-Price-Per-Each_p_32674.html,QIMPBD,1,matched,30.0,112466,hotel coverlet,Double Diamond Coverlet,5394|5415|5594,Hotel Bedding Supply || Hotel Bedding Supply > Bedding Ensemble > Hotel Coverlets || Hotel Bedding Supply > Bedding Ensemble,4,https://www.ahscompany.com/assets/images/kartri/qimpbk-1.jpg
27170,Kartri Quilted Breezes Coverlet King 112x98 100% Microfiber Polyester White 6 Per Case Price Per Each,https://www.ahscompany.com/Kartri-Quilted-Breezes-Coverlet-King-112x98-100-Microfiber-Polyester-White-6-Per-Case-Price-Per-Each_p_27170.html,QIMPBK,1,weak_match,14.44,112466,hotel coverlet,Double Diamond Coverlet,,,4,https://www.ahscompany.com/assets/images/kartri/qimpbk-1.jpg
27171,Kartri Quilted Breezes Coverlet Queen 96x98 100% Microfiber Polyester White 8 Per Case Price Per Each,https://www.ahscompany.com/Kartri-Quilted-Breezes-Coverlet-Queen-96x98-100-Microfiber-Polyester-White-8-Per-Case-Price-Per-Each_p_27171.html,QIMPBQ,1,weak_match,14.44,112466,hotel coverlet,Double Diamond Coverlet,,,4,https://www.ahscompany.com/assets/images/kartri/qimpbk-1.jpg
28104,Kartri Quilted Breezes Coverlet Twin 74x98 100% Microfiber Polyester White 10 Per Case Price Per Each,https://www.ahscompany.com/Kartri-Quilted-Breezes-Coverlet-Twin-74x98-100-Microfiber-Polyester-White-10-Per-Case-Price-Per-Each_p_28104.html,QIMPBT,1,weak_match,14.0,112466,hotel coverlet,Double Diamond Coverlet,,,4,https://www.ahscompany.com/assets/images/kartri/qimpbk-1.jpg
32673,Kartri Quilted Double Diamond Coverlet Double 90x98 100% Microfiber Polyester White 8 Per Case Price Per Each,https://www.ahscompany.com/Kartri-Quilted-Double-Diamond-Coverlet-Double-90x98-100-Microfiber-Polyester-White-8-Per-Case-Price-Per-Each_p_32673.html,QIMPDDD,1,matched,47.14,112466,hotel coverlet,Double Diamond Coverlet,5394|5415|5594,Hotel Bedding Supply || Hotel Bedding Supply > Bedding Ensemble > Hotel Coverlets || Hotel Bedding Supply > Bedding Ensemble,3,https://www.ahscompany.com/assets/images/kartri/qimpddk-1.jpg
19939,Kartri Plastic Double Open Ends Shower Curtain Hooks 12 Dz Per Case Price Per Dz,https://www.ahscompany.com/Kartri-Plastic-Double-Open-Ends-Shower-Curtain-Hooks-12-Dz-Per-Case-Price-Per-Dz_p_19939.html,KA3000,3,matched,93.18,110196,KA3000,Kartri KA3000 Plastic Double Open End Shower Curtain Hooks - Pack of 12,5452,Hotel Bathroom Supplies > Hotel Shower Curtains > Shower Hook Replacements,4,https://www.ahscompany.com/assets/images/kartri/ka3000.jpg
19937,Kartri Plastic Open End Shower Curtain Hooks 12 Dz Per Case Price Per Dz,https://www.ahscompany.com/Kartri-Plastic-Open-End-Shower-Curtain-Hooks-12-Dz-Per-Case-Price-Per-Dz_p_19937.html,KA5000,3,matched,100.0,110195,KA5000,KARTRI| PLASTIC| OPEN END| SHOWER CURTAIN HOOKS PACK OF 12,5396|5446|5452,Hotel Bathroom Supplies || Hotel Bathroom Supplies > Hotel Shower Curtains || Hotel Bathroom Supplies > Hotel Shower Curtains > Shower Hook Replacements,4,https://www.ahscompany.com/assets/images/kartri/ka5000.jpg
19938,Kartri Plastic Round Side Slide Shower Curtain Hooks 12 Dz Per Case Price Per Dz,https://www.ahscompany.com/Kartri-Plastic-Round-Side-Slide-Shower-Curtain-Hooks-12-Dz-Per-Case-Price-Per-Dz_p_19938.html,KA9100,3,matched,126.11,110194,KA9100,KARTRI| PLASTIC ROUND| SIDE SLIDE| SHOWER CURTAIN HOOKS PACK OF 12 DZ,5452,Hotel Bathroom Supplies > Hotel Shower Curtains > Shower Hook Replacements,4,https://www.ahscompany.com/assets/images/kartri/ka9100.jpg
19936,Kartri Plastic Snap Tear Drop Shower Curtain Hooks 12 Dz Per Case Price Per Dz,https://www.ahscompany.com/Kartri-Plastic-Snap-Tear-Drop-Shower-Curtain-Hooks-12-Dz-Per-Case-Price-Per-Dz_p_19936.html,KA711,3,matched,115.0,110193,KA711,KARTRI| PLASTIC SNAP| TEAR DROP| SHOWER CURTAIN HOOKS PACK OF 12 DZ,5452,Hotel Bathroom Supplies > Hotel Shower Curtains > Shower Hook Replacements,4,https://www.ahscompany.com/assets/images/kartri/ka711.jpg
23102,Kartri Hang2It 300 Denier Polyester Liner 72x74 White 12 Per Case Price Per Each,https://www.ahscompany.com/Kartri-Hang2It-300-Denier-Polyester-Liner-72x74-White-12-Per-Case-Price-Per-Each_p_23102.html,EZ-300PA-1,1,matched,81.0,110182,EZ-300P,KARTRI| EZY-HANG 300 DENIER| POLYESTER LINER 72X74 WHITE OR BEIGE PACK OF 12,5446|5450,Hotel Bathroom Supplies > Hotel Shower Curtains || Hotel Bathroom Supplies > Hotel Shower Curtains > Fabric Curtains,1,https://www.ahscompany.com/assets/images/kartri/ez-300pa-1new1.jpg
27189,Kartri Hang2It 300 Denier Polyester Liner With Window 72x77 White 12 Per Case Price Per Each,https://www.ahscompany.com/Kartri-Hang2It-300-Denier-Polyester-Liner-With-Window-72x77-White-12-Per-Case-Price-Per-Each_p_27189.html,EZ-300P77-1W,1,matched,65.91,110182,EZ-300P,KARTRI| EZY-HANG 300 DENIER| POLYESTER LINER 72X74 WHITE OR BEIGE PACK OF 12,5446|5450,Hotel Bathroom Supplies > Hotel Shower Curtains || Hotel Bathroom Supplies > Hotel Shower Curtains > Fabric Curtains,2,https://www.ahscompany.com/assets/images/kartri/ez-300pa-1new2.jpg
19843,Kartri Nylon Shower Curtain With Sewn Eyelets White 72x72 12 Per Case Price Per Each,https://www.ahscompany.com/Kartri-Nylon-Shower-Curtain-With-Sewn-Eyelets-White-72x72-12-Per-Case-Price-Per-Each_p_19843.html,NY,1,matched,62.86,110148,NY2000-1,KARTRI| NYLON LINER W/ SEWN EYELETS PACK OF 12,5446|5450,Hotel Bathroom Supplies > Hotel Shower Curtains || Hotel Bathroom Supplies > Hotel Shower Curtains > Fabric Curtains,1,https://www.ahscompany.com/assets/images/kartri/ny20001.jpg
30240,Kartri Nylon Shower Curtain With Sewn Eyelets White 36x72 24 Per Case Price Per Each,https://www.ahscompany.com/Kartri-Nylon-Shower-Curtain-With-Sewn-Eyelets-White-36x72-24-Per-Case-Price-Per-Each_p_30240.html,NY-2,1,matched,45.0,110148,NY2000-1,KARTRI| NYLON LINER W/ SEWN EYELETS PACK OF 12,5446|5450,Hotel Bathroom Supplies > Hotel Shower Curtains || Hotel Bathroom Supplies > Hotel Shower Curtains > Fabric Curtains,1,https://www.ahscompany.com/assets/images/kartri/ny20001.jpg
